{
    "1": {
        "": "29",
        "User_Id": "1",
        "Place_Id": "40",
        "Place_Ratings": "2"
    },
    "2": {
        "": "58",
        "User_Id": "2",
        "Place_Id": "55",
        "Place_Ratings": "3"
    },
    "3": {
        "": "88",
        "User_Id": "3",
        "Place_Id": "48",
        "Place_Ratings": "5"
    },
    "4": {
        "": "114",
        "User_Id": "4",
        "Place_Id": "44",
        "Place_Ratings": "2"
    },
    "5": {
        "": "147",
        "User_Id": "5",
        "Place_Id": "28",
        "Place_Ratings": "3"
    },
    "6": {
        "": "175",
        "User_Id": "6",
        "Place_Id": "16",
        "Place_Ratings": "2"
    },
    "7": {
        "": "202",
        "User_Id": "7",
        "Place_Id": "5",
        "Place_Ratings": "3"
    },
    "8": {
        "": "230",
        "User_Id": "8",
        "Place_Id": "41",
        "Place_Ratings": "4"
    },
    "9": {
        "": "263",
        "User_Id": "9",
        "Place_Id": "7",
        "Place_Ratings": "5"
    },
    "10": {
        "": "291",
        "User_Id": "10",
        "Place_Id": "11",
        "Place_Ratings": "4"
    },
    "11": {
        "": "319",
        "User_Id": "11",
        "Place_Id": "22",
        "Place_Ratings": "2"
    },
    "12": {
        "": "353",
        "User_Id": "12",
        "Place_Id": "20",
        "Place_Ratings": "2"
    },
    "13": {
        "": "378",
        "User_Id": "13",
        "Place_Id": "47",
        "Place_Ratings": "4"
    },
    "14": {
        "": "411",
        "User_Id": "14",
        "Place_Id": "9",
        "Place_Ratings": "3"
    },
    "15": {
        "": "447",
        "User_Id": "15",
        "Place_Id": "36",
        "Place_Ratings": "3"
    },
    "16": {
        "": "476",
        "User_Id": "16",
        "Place_Id": "24",
        "Place_Ratings": "5"
    },
    "17": {
        "": "522",
        "User_Id": "17",
        "Place_Id": "8",
        "Place_Ratings": "3"
    },
    "18": {
        "": "556",
        "User_Id": "18",
        "Place_Id": "3",
        "Place_Ratings": "2"
    },
    "19": {
        "": "600",
        "User_Id": "19",
        "Place_Id": "44",
        "Place_Ratings": "2"
    },
    "20": {
        "": "634",
        "User_Id": "20",
        "Place_Id": "15",
        "Place_Ratings": "2"
    },
    "21": {
        "": "656",
        "User_Id": "21",
        "Place_Id": "12",
        "Place_Ratings": "2"
    },
    "22": {
        "": "685",
        "User_Id": "22",
        "Place_Id": "44",
        "Place_Ratings": "4"
    },
    "23": {
        "": "717",
        "User_Id": "23",
        "Place_Id": "35",
        "Place_Ratings": "2"
    },
    "24": {
        "": "741",
        "User_Id": "24",
        "Place_Id": "24",
        "Place_Ratings": "5"
    },
    "25": {
        "": "774",
        "User_Id": "25",
        "Place_Id": "8",
        "Place_Ratings": "4"
    },
    "26": {
        "": "809",
        "User_Id": "26",
        "Place_Id": "12",
        "Place_Ratings": "4"
    },
    "27": {
        "": "848",
        "User_Id": "27",
        "Place_Id": "35",
        "Place_Ratings": "3"
    },
    "28": {
        "": "889",
        "User_Id": "28",
        "Place_Id": "38",
        "Place_Ratings": "5"
    },
    "29": {
        "": "923",
        "User_Id": "29",
        "Place_Id": "25",
        "Place_Ratings": "4"
    },
    "30": {
        "": "958",
        "User_Id": "30",
        "Place_Id": "27",
        "Place_Ratings": "4"
    },
    "31": {
        "": "999",
        "User_Id": "31",
        "Place_Id": "24",
        "Place_Ratings": "4"
    },
    "32": {
        "": "1033",
        "User_Id": "32",
        "Place_Id": "26",
        "Place_Ratings": "4"
    },
    "33": {
        "": "1072",
        "User_Id": "33",
        "Place_Id": "5",
        "Place_Ratings": "2"
    },
    "34": {
        "": "1097",
        "User_Id": "34",
        "Place_Id": "16",
        "Place_Ratings": "5"
    },
    "35": {
        "": "1128",
        "User_Id": "35",
        "Place_Id": "29",
        "Place_Ratings": "5"
    },
    "36": {
        "": "1161",
        "User_Id": "36",
        "Place_Id": "18",
        "Place_Ratings": "2"
    },
    "37": {
        "": "1192",
        "User_Id": "37",
        "Place_Id": "32",
        "Place_Ratings": "3"
    },
    "38": {
        "": "1232",
        "User_Id": "38",
        "Place_Id": "59",
        "Place_Ratings": "5"
    },
    "39": {
        "": "1258",
        "User_Id": "39",
        "Place_Id": "5",
        "Place_Ratings": "3"
    },
    "40": {
        "": "1305",
        "User_Id": "40",
        "Place_Id": "29",
        "Place_Ratings": "4"
    },
    "41": {
        "": "1329",
        "User_Id": "41",
        "Place_Id": "27",
        "Place_Ratings": "2"
    },
    "42": {
        "": "1359",
        "User_Id": "42",
        "Place_Id": "38",
        "Place_Ratings": "3"
    },
    "43": {
        "": "1390",
        "User_Id": "43",
        "Place_Id": "33",
        "Place_Ratings": "2"
    },
    "44": {
        "": "1429",
        "User_Id": "44",
        "Place_Id": "21",
        "Place_Ratings": "4"
    },
    "45": {
        "": "1468",
        "User_Id": "45",
        "Place_Id": "54",
        "Place_Ratings": "3"
    },
    "46": {
        "": "1498",
        "User_Id": "46",
        "Place_Id": "14",
        "Place_Ratings": "3"
    },
    "47": {
        "": "1524",
        "User_Id": "47",
        "Place_Id": "43",
        "Place_Ratings": "2"
    },
    "48": {
        "": "1546",
        "User_Id": "48",
        "Place_Id": "49",
        "Place_Ratings": "1"
    },
    "49": {
        "": "1591",
        "User_Id": "49",
        "Place_Id": "41",
        "Place_Ratings": "1"
    },
    "50": {
        "": "1620",
        "User_Id": "50",
        "Place_Id": "57",
        "Place_Ratings": "3"
    },
    "51": {
        "": "1652",
        "User_Id": "51",
        "Place_Id": "30",
        "Place_Ratings": "3"
    },
    "52": {
        "": "1681",
        "User_Id": "52",
        "Place_Id": "49",
        "Place_Ratings": "1"
    },
    "53": {
        "": "1722",
        "User_Id": "53",
        "Place_Id": "40",
        "Place_Ratings": "1"
    },
    "54": {
        "": "1767",
        "User_Id": "54",
        "Place_Id": "7",
        "Place_Ratings": "4"
    },
    "55": {
        "": "1803",
        "User_Id": "55",
        "Place_Id": "31",
        "Place_Ratings": "1"
    },
    "56": {
        "": "1834",
        "User_Id": "56",
        "Place_Id": "40",
        "Place_Ratings": "4"
    },
    "57": {
        "": "1870",
        "User_Id": "57",
        "Place_Id": "46",
        "Place_Ratings": "1"
    },
    "58": {
        "": "1908",
        "User_Id": "58",
        "Place_Id": "46",
        "Place_Ratings": "2"
    },
    "59": {
        "": "1940",
        "User_Id": "59",
        "Place_Id": "22",
        "Place_Ratings": "1"
    },
    "60": {
        "": "1961",
        "User_Id": "60",
        "Place_Id": "4",
        "Place_Ratings": "2"
    },
    "61": {
        "": "1996",
        "User_Id": "61",
        "Place_Id": "8",
        "Place_Ratings": "5"
    },
    "62": {
        "": "2025",
        "User_Id": "62",
        "Place_Id": "20",
        "Place_Ratings": "4"
    },
    "63": {
        "": "2059",
        "User_Id": "63",
        "Place_Id": "46",
        "Place_Ratings": "2"
    },
    "64": {
        "": "2094",
        "User_Id": "64",
        "Place_Id": "58",
        "Place_Ratings": "3"
    },
    "65": {
        "": "2134",
        "User_Id": "65",
        "Place_Id": "37",
        "Place_Ratings": "1"
    },
    "66": {
        "": "2165",
        "User_Id": "66",
        "Place_Id": "16",
        "Place_Ratings": "2"
    },
    "67": {
        "": "2203",
        "User_Id": "67",
        "Place_Id": "32",
        "Place_Ratings": "5"
    },
    "68": {
        "": "2238",
        "User_Id": "68",
        "Place_Id": "31",
        "Place_Ratings": "3"
    },
    "69": {
        "": "2262",
        "User_Id": "69",
        "Place_Id": "55",
        "Place_Ratings": "1"
    },
    "70": {
        "": "2292",
        "User_Id": "70",
        "Place_Id": "13",
        "Place_Ratings": "1"
    },
    "71": {
        "": "2328",
        "User_Id": "71",
        "Place_Id": "6",
        "Place_Ratings": "3"
    },
    "72": {
        "": "2356",
        "User_Id": "72",
        "Place_Id": "18",
        "Place_Ratings": "2"
    },
    "73": {
        "": "2379",
        "User_Id": "73",
        "Place_Id": "11",
        "Place_Ratings": "1"
    },
    "74": {
        "": "2421",
        "User_Id": "74",
        "Place_Id": "56",
        "Place_Ratings": "3"
    },
    "75": {
        "": "2449",
        "User_Id": "75",
        "Place_Id": "39",
        "Place_Ratings": "3"
    },
    "76": {
        "": "2484",
        "User_Id": "76",
        "Place_Id": "42",
        "Place_Ratings": "2"
    },
    "77": {
        "": "2514",
        "User_Id": "77",
        "Place_Id": "52",
        "Place_Ratings": "5"
    },
    "78": {
        "": "2551",
        "User_Id": "78",
        "Place_Id": "21",
        "Place_Ratings": "4"
    },
    "79": {
        "": "2585",
        "User_Id": "79",
        "Place_Id": "32",
        "Place_Ratings": "1"
    },
    "80": {
        "": "2618",
        "User_Id": "80",
        "Place_Id": "23",
        "Place_Ratings": "3"
    },
    "81": {
        "": "2641",
        "User_Id": "81",
        "Place_Id": "57",
        "Place_Ratings": "1"
    },
    "82": {
        "": "2665",
        "User_Id": "82",
        "Place_Id": "22",
        "Place_Ratings": "2"
    },
    "83": {
        "": "2697",
        "User_Id": "83",
        "Place_Id": "22",
        "Place_Ratings": "5"
    },
    "84": {
        "": "2733",
        "User_Id": "84",
        "Place_Id": "1",
        "Place_Ratings": "3"
    },
    "85": {
        "": "2762",
        "User_Id": "85",
        "Place_Id": "26",
        "Place_Ratings": "5"
    },
    "86": {
        "": "2804",
        "User_Id": "86",
        "Place_Id": "14",
        "Place_Ratings": "4"
    },
    "87": {
        "": "2836",
        "User_Id": "87",
        "Place_Id": "36",
        "Place_Ratings": "1"
    },
    "88": {
        "": "2863",
        "User_Id": "88",
        "Place_Id": "59",
        "Place_Ratings": "3"
    },
    "89": {
        "": "2890",
        "User_Id": "89",
        "Place_Id": "14",
        "Place_Ratings": "5"
    },
    "90": {
        "": "2921",
        "User_Id": "90",
        "Place_Id": "18",
        "Place_Ratings": "2"
    },
    "91": {
        "": "2963",
        "User_Id": "91",
        "Place_Id": "14",
        "Place_Ratings": "2"
    },
    "92": {
        "": "3001",
        "User_Id": "92",
        "Place_Id": "55",
        "Place_Ratings": "5"
    },
    "93": {
        "": "3039",
        "User_Id": "93",
        "Place_Id": "29",
        "Place_Ratings": "4"
    },
    "94": {
        "": "3076",
        "User_Id": "94",
        "Place_Id": "9",
        "Place_Ratings": "4"
    },
    "95": {
        "": "3104",
        "User_Id": "95",
        "Place_Id": "46",
        "Place_Ratings": "3"
    },
    "96": {
        "": "3138",
        "User_Id": "96",
        "Place_Id": "47",
        "Place_Ratings": "4"
    },
    "97": {
        "": "3179",
        "User_Id": "97",
        "Place_Id": "8",
        "Place_Ratings": "2"
    },
    "98": {
        "": "3211",
        "User_Id": "98",
        "Place_Id": "24",
        "Place_Ratings": "4"
    },
    "99": {
        "": "3254",
        "User_Id": "99",
        "Place_Id": "25",
        "Place_Ratings": "5"
    },
    "100": {
        "": "3283",
        "User_Id": "100",
        "Place_Id": "14",
        "Place_Ratings": "1"
    },
    "101": {
        "": "3310",
        "User_Id": "101",
        "Place_Id": "37",
        "Place_Ratings": "3"
    },
    "102": {
        "": "3345",
        "User_Id": "102",
        "Place_Id": "30",
        "Place_Ratings": "2"
    },
    "103": {
        "": "3378",
        "User_Id": "103",
        "Place_Id": "36",
        "Place_Ratings": "3"
    },
    "104": {
        "": "3411",
        "User_Id": "104",
        "Place_Id": "18",
        "Place_Ratings": "4"
    },
    "105": {
        "": "3454",
        "User_Id": "105",
        "Place_Id": "42",
        "Place_Ratings": "3"
    },
    "106": {
        "": "3488",
        "User_Id": "106",
        "Place_Id": "22",
        "Place_Ratings": "4"
    },
    "107": {
        "": "3528",
        "User_Id": "107",
        "Place_Id": "26",
        "Place_Ratings": "3"
    },
    "108": {
        "": "3563",
        "User_Id": "108",
        "Place_Id": "42",
        "Place_Ratings": "3"
    },
    "109": {
        "": "3590",
        "User_Id": "109",
        "Place_Id": "26",
        "Place_Ratings": "1"
    },
    "110": {
        "": "3618",
        "User_Id": "110",
        "Place_Id": "48",
        "Place_Ratings": "4"
    },
    "111": {
        "": "3645",
        "User_Id": "111",
        "Place_Id": "27",
        "Place_Ratings": "2"
    },
    "112": {
        "": "3675",
        "User_Id": "112",
        "Place_Id": "17",
        "Place_Ratings": "5"
    },
    "113": {
        "": "3710",
        "User_Id": "113",
        "Place_Id": "9",
        "Place_Ratings": "4"
    },
    "114": {
        "": "3743",
        "User_Id": "114",
        "Place_Id": "55",
        "Place_Ratings": "5"
    },
    "115": {
        "": "3768",
        "User_Id": "115",
        "Place_Id": "33",
        "Place_Ratings": "4"
    },
    "116": {
        "": "3807",
        "User_Id": "116",
        "Place_Id": "24",
        "Place_Ratings": "1"
    },
    "117": {
        "": "3843",
        "User_Id": "117",
        "Place_Id": "25",
        "Place_Ratings": "1"
    },
    "118": {
        "": "3877",
        "User_Id": "118",
        "Place_Id": "13",
        "Place_Ratings": "1"
    },
    "119": {
        "": "3904",
        "User_Id": "119",
        "Place_Id": "4",
        "Place_Ratings": "1"
    },
    "120": {
        "": "3937",
        "User_Id": "120",
        "Place_Id": "16",
        "Place_Ratings": "5"
    },
    "121": {
        "": "3966",
        "User_Id": "121",
        "Place_Id": "47",
        "Place_Ratings": "3"
    },
    "122": {
        "": "3997",
        "User_Id": "122",
        "Place_Id": "7",
        "Place_Ratings": "4"
    },
    "123": {
        "": "4031",
        "User_Id": "123",
        "Place_Id": "17",
        "Place_Ratings": "3"
    },
    "124": {
        "": "4070",
        "User_Id": "124",
        "Place_Id": "31",
        "Place_Ratings": "5"
    },
    "125": {
        "": "4102",
        "User_Id": "125",
        "Place_Id": "11",
        "Place_Ratings": "5"
    },
    "126": {
        "": "4143",
        "User_Id": "126",
        "Place_Id": "33",
        "Place_Ratings": "3"
    },
    "127": {
        "": "4177",
        "User_Id": "127",
        "Place_Id": "28",
        "Place_Ratings": "3"
    },
    "128": {
        "": "4210",
        "User_Id": "128",
        "Place_Id": "26",
        "Place_Ratings": "2"
    },
    "129": {
        "": "4242",
        "User_Id": "129",
        "Place_Id": "26",
        "Place_Ratings": "5"
    },
    "130": {
        "": "4270",
        "User_Id": "130",
        "Place_Id": "36",
        "Place_Ratings": "4"
    },
    "131": {
        "": "4309",
        "User_Id": "131",
        "Place_Id": "55",
        "Place_Ratings": "3"
    },
    "132": {
        "": "4337",
        "User_Id": "132",
        "Place_Id": "7",
        "Place_Ratings": "2"
    },
    "133": {
        "": "4371",
        "User_Id": "133",
        "Place_Id": "33",
        "Place_Ratings": "3"
    },
    "134": {
        "": "4408",
        "User_Id": "134",
        "Place_Id": "19",
        "Place_Ratings": "4"
    },
    "135": {
        "": "4442",
        "User_Id": "135",
        "Place_Id": "26",
        "Place_Ratings": "2"
    },
    "136": {
        "": "4480",
        "User_Id": "136",
        "Place_Id": "24",
        "Place_Ratings": "2"
    },
    "137": {
        "": "4515",
        "User_Id": "137",
        "Place_Id": "20",
        "Place_Ratings": "2"
    },
    "138": {
        "": "4550",
        "User_Id": "138",
        "Place_Id": "45",
        "Place_Ratings": "4"
    },
    "139": {
        "": "4585",
        "User_Id": "139",
        "Place_Id": "26",
        "Place_Ratings": "1"
    },
    "140": {
        "": "4616",
        "User_Id": "140",
        "Place_Id": "41",
        "Place_Ratings": "1"
    },
    "141": {
        "": "4644",
        "User_Id": "141",
        "Place_Id": "46",
        "Place_Ratings": "3"
    },
    "142": {
        "": "4690",
        "User_Id": "142",
        "Place_Id": "58",
        "Place_Ratings": "2"
    },
    "143": {
        "": "4737",
        "User_Id": "143",
        "Place_Id": "18",
        "Place_Ratings": "5"
    },
    "144": {
        "": "4778",
        "User_Id": "144",
        "Place_Id": "11",
        "Place_Ratings": "2"
    },
    "145": {
        "": "4815",
        "User_Id": "145",
        "Place_Id": "24",
        "Place_Ratings": "2"
    },
    "146": {
        "": "4855",
        "User_Id": "146",
        "Place_Id": "22",
        "Place_Ratings": "2"
    },
    "147": {
        "": "4888",
        "User_Id": "147",
        "Place_Id": "45",
        "Place_Ratings": "3"
    },
    "148": {
        "": "4918",
        "User_Id": "148",
        "Place_Id": "48",
        "Place_Ratings": "2"
    },
    "149": {
        "": "4954",
        "User_Id": "149",
        "Place_Id": "47",
        "Place_Ratings": "2"
    },
    "150": {
        "": "4986",
        "User_Id": "150",
        "Place_Id": "47",
        "Place_Ratings": "2"
    },
    "151": {
        "": "5008",
        "User_Id": "151",
        "Place_Id": "38",
        "Place_Ratings": "4"
    },
    "152": {
        "": "5038",
        "User_Id": "152",
        "Place_Id": "5",
        "Place_Ratings": "1"
    },
    "153": {
        "": "5063",
        "User_Id": "153",
        "Place_Id": "16",
        "Place_Ratings": "1"
    },
    "154": {
        "": "5092",
        "User_Id": "154",
        "Place_Id": "27",
        "Place_Ratings": "4"
    },
    "155": {
        "": "5122",
        "User_Id": "155",
        "Place_Id": "36",
        "Place_Ratings": "5"
    },
    "156": {
        "": "5151",
        "User_Id": "156",
        "Place_Id": "18",
        "Place_Ratings": "4"
    },
    "157": {
        "": "5194",
        "User_Id": "157",
        "Place_Id": "6",
        "Place_Ratings": "3"
    },
    "158": {
        "": "5227",
        "User_Id": "158",
        "Place_Id": "15",
        "Place_Ratings": "5"
    },
    "159": {
        "": "5268",
        "User_Id": "159",
        "Place_Id": "33",
        "Place_Ratings": "1"
    },
    "160": {
        "": "5307",
        "User_Id": "160",
        "Place_Id": "8",
        "Place_Ratings": "2"
    },
    "161": {
        "": "5338",
        "User_Id": "161",
        "Place_Id": "22",
        "Place_Ratings": "1"
    },
    "162": {
        "": "5370",
        "User_Id": "162",
        "Place_Id": "8",
        "Place_Ratings": "4"
    },
    "163": {
        "": "5404",
        "User_Id": "163",
        "Place_Id": "14",
        "Place_Ratings": "1"
    },
    "164": {
        "": "5439",
        "User_Id": "164",
        "Place_Id": "11",
        "Place_Ratings": "3"
    },
    "165": {
        "": "5474",
        "User_Id": "165",
        "Place_Id": "15",
        "Place_Ratings": "4"
    },
    "166": {
        "": "5503",
        "User_Id": "166",
        "Place_Id": "51",
        "Place_Ratings": "4"
    },
    "167": {
        "": "5543",
        "User_Id": "167",
        "Place_Id": "14",
        "Place_Ratings": "5"
    },
    "168": {
        "": "5586",
        "User_Id": "168",
        "Place_Id": "24",
        "Place_Ratings": "3"
    },
    "169": {
        "": "5617",
        "User_Id": "169",
        "Place_Id": "24",
        "Place_Ratings": "3"
    },
    "170": {
        "": "5658",
        "User_Id": "170",
        "Place_Id": "1",
        "Place_Ratings": "1"
    },
    "171": {
        "": "5690",
        "User_Id": "171",
        "Place_Id": "28",
        "Place_Ratings": "5"
    },
    "172": {
        "": "5721",
        "User_Id": "172",
        "Place_Id": "54",
        "Place_Ratings": "3"
    },
    "173": {
        "": "5759",
        "User_Id": "173",
        "Place_Id": "50",
        "Place_Ratings": "1"
    },
    "174": {
        "": "5793",
        "User_Id": "174",
        "Place_Id": "2",
        "Place_Ratings": "5"
    },
    "175": {
        "": "5829",
        "User_Id": "175",
        "Place_Id": "18",
        "Place_Ratings": "3"
    },
    "176": {
        "": "5859",
        "User_Id": "176",
        "Place_Id": "42",
        "Place_Ratings": "1"
    },
    "177": {
        "": "5888",
        "User_Id": "177",
        "Place_Id": "25",
        "Place_Ratings": "2"
    },
    "178": {
        "": "5926",
        "User_Id": "178",
        "Place_Id": "22",
        "Place_Ratings": "1"
    },
    "179": {
        "": "5968",
        "User_Id": "179",
        "Place_Id": "7",
        "Place_Ratings": "2"
    },
    "180": {
        "": "5993",
        "User_Id": "180",
        "Place_Id": "54",
        "Place_Ratings": "3"
    },
    "181": {
        "": "6030",
        "User_Id": "181",
        "Place_Id": "42",
        "Place_Ratings": "2"
    },
    "182": {
        "": "6067",
        "User_Id": "182",
        "Place_Id": "19",
        "Place_Ratings": "1"
    },
    "183": {
        "": "6095",
        "User_Id": "183",
        "Place_Id": "50",
        "Place_Ratings": "4"
    },
    "184": {
        "": "6139",
        "User_Id": "184",
        "Place_Id": "50",
        "Place_Ratings": "2"
    },
    "185": {
        "": "6173",
        "User_Id": "185",
        "Place_Id": "26",
        "Place_Ratings": "4"
    },
    "186": {
        "": "6203",
        "User_Id": "186",
        "Place_Id": "16",
        "Place_Ratings": "3"
    },
    "187": {
        "": "6242",
        "User_Id": "187",
        "Place_Id": "53",
        "Place_Ratings": "5"
    },
    "188": {
        "": "6271",
        "User_Id": "188",
        "Place_Id": "20",
        "Place_Ratings": "1"
    },
    "189": {
        "": "6305",
        "User_Id": "189",
        "Place_Id": "37",
        "Place_Ratings": "4"
    },
    "190": {
        "": "6336",
        "User_Id": "190",
        "Place_Id": "25",
        "Place_Ratings": "1"
    },
    "191": {
        "": "6363",
        "User_Id": "191",
        "Place_Id": "8",
        "Place_Ratings": "3"
    },
    "192": {
        "": "6399",
        "User_Id": "192",
        "Place_Id": "28",
        "Place_Ratings": "1"
    },
    "193": {
        "": "6431",
        "User_Id": "193",
        "Place_Id": "31",
        "Place_Ratings": "4"
    },
    "194": {
        "": "6471",
        "User_Id": "194",
        "Place_Id": "24",
        "Place_Ratings": "5"
    },
    "195": {
        "": "6511",
        "User_Id": "195",
        "Place_Id": "14",
        "Place_Ratings": "3"
    },
    "196": {
        "": "6541",
        "User_Id": "196",
        "Place_Id": "49",
        "Place_Ratings": "1"
    },
    "197": {
        "": "6567",
        "User_Id": "197",
        "Place_Id": "38",
        "Place_Ratings": "5"
    },
    "198": {
        "": "6608",
        "User_Id": "198",
        "Place_Id": "42",
        "Place_Ratings": "4"
    },
    "199": {
        "": "6638",
        "User_Id": "199",
        "Place_Id": "53",
        "Place_Ratings": "4"
    },
    "200": {
        "": "6677",
        "User_Id": "200",
        "Place_Id": "26",
        "Place_Ratings": "2"
    },
    "201": {
        "": "6713",
        "User_Id": "201",
        "Place_Id": "43",
        "Place_Ratings": "3"
    },
    "202": {
        "": "6748",
        "User_Id": "202",
        "Place_Id": "57",
        "Place_Ratings": "2"
    },
    "203": {
        "": "6778",
        "User_Id": "203",
        "Place_Id": "39",
        "Place_Ratings": "2"
    },
    "204": {
        "": "6815",
        "User_Id": "204",
        "Place_Id": "43",
        "Place_Ratings": "3"
    },
    "205": {
        "": "6840",
        "User_Id": "205",
        "Place_Id": "16",
        "Place_Ratings": "4"
    },
    "206": {
        "": "6880",
        "User_Id": "206",
        "Place_Id": "37",
        "Place_Ratings": "3"
    },
    "207": {
        "": "6908",
        "User_Id": "207",
        "Place_Id": "55",
        "Place_Ratings": "4"
    },
    "208": {
        "": "6946",
        "User_Id": "208",
        "Place_Id": "8",
        "Place_Ratings": "4"
    },
    "209": {
        "": "6975",
        "User_Id": "209",
        "Place_Id": "56",
        "Place_Ratings": "4"
    },
    "210": {
        "": "7007",
        "User_Id": "210",
        "Place_Id": "9",
        "Place_Ratings": "3"
    },
    "211": {
        "": "7035",
        "User_Id": "211",
        "Place_Id": "14",
        "Place_Ratings": "2"
    },
    "212": {
        "": "7073",
        "User_Id": "212",
        "Place_Id": "50",
        "Place_Ratings": "4"
    },
    "213": {
        "": "7103",
        "User_Id": "213",
        "Place_Id": "25",
        "Place_Ratings": "2"
    },
    "214": {
        "": "7136",
        "User_Id": "214",
        "Place_Id": "37",
        "Place_Ratings": "3"
    },
    "215": {
        "": "7167",
        "User_Id": "215",
        "Place_Id": "36",
        "Place_Ratings": "2"
    },
    "216": {
        "": "7202",
        "User_Id": "216",
        "Place_Id": "32",
        "Place_Ratings": "3"
    },
    "217": {
        "": "7233",
        "User_Id": "217",
        "Place_Id": "31",
        "Place_Ratings": "1"
    },
    "218": {
        "": "7262",
        "User_Id": "218",
        "Place_Id": "13",
        "Place_Ratings": "1"
    },
    "219": {
        "": "7291",
        "User_Id": "219",
        "Place_Id": "20",
        "Place_Ratings": "5"
    },
    "220": {
        "": "7321",
        "User_Id": "220",
        "Place_Id": "33",
        "Place_Ratings": "3"
    },
    "221": {
        "": "7349",
        "User_Id": "221",
        "Place_Id": "44",
        "Place_Ratings": "4"
    },
    "222": {
        "": "7384",
        "User_Id": "222",
        "Place_Id": "18",
        "Place_Ratings": "4"
    },
    "223": {
        "": "7420",
        "User_Id": "223",
        "Place_Id": "2",
        "Place_Ratings": "4"
    },
    "224": {
        "": "7457",
        "User_Id": "224",
        "Place_Id": "7",
        "Place_Ratings": "1"
    },
    "225": {
        "": "7487",
        "User_Id": "225",
        "Place_Id": "52",
        "Place_Ratings": "5"
    },
    "226": {
        "": "7522",
        "User_Id": "226",
        "Place_Id": "47",
        "Place_Ratings": "4"
    },
    "227": {
        "": "7565",
        "User_Id": "227",
        "Place_Id": "20",
        "Place_Ratings": "5"
    },
    "228": {
        "": "7603",
        "User_Id": "228",
        "Place_Id": "53",
        "Place_Ratings": "3"
    },
    "229": {
        "": "7634",
        "User_Id": "229",
        "Place_Id": "32",
        "Place_Ratings": "2"
    },
    "230": {
        "": "7675",
        "User_Id": "230",
        "Place_Id": "52",
        "Place_Ratings": "4"
    },
    "231": {
        "": "7711",
        "User_Id": "231",
        "Place_Id": "22",
        "Place_Ratings": "3"
    },
    "232": {
        "": "7740",
        "User_Id": "232",
        "Place_Id": "18",
        "Place_Ratings": "4"
    },
    "233": {
        "": "7772",
        "User_Id": "233",
        "Place_Id": "46",
        "Place_Ratings": "2"
    },
    "234": {
        "": "7809",
        "User_Id": "234",
        "Place_Id": "52",
        "Place_Ratings": "4"
    },
    "235": {
        "": "7842",
        "User_Id": "235",
        "Place_Id": "54",
        "Place_Ratings": "2"
    },
    "236": {
        "": "7867",
        "User_Id": "236",
        "Place_Id": "47",
        "Place_Ratings": "5"
    },
    "237": {
        "": "7898",
        "User_Id": "237",
        "Place_Id": "7",
        "Place_Ratings": "3"
    },
    "238": {
        "": "7929",
        "User_Id": "238",
        "Place_Id": "47",
        "Place_Ratings": "4"
    },
    "239": {
        "": "7965",
        "User_Id": "239",
        "Place_Id": "50",
        "Place_Ratings": "3"
    },
    "240": {
        "": "8000",
        "User_Id": "240",
        "Place_Id": "15",
        "Place_Ratings": "3"
    },
    "241": {
        "": "8024",
        "User_Id": "241",
        "Place_Id": "47",
        "Place_Ratings": "1"
    },
    "242": {
        "": "8068",
        "User_Id": "242",
        "Place_Id": "16",
        "Place_Ratings": "5"
    },
    "243": {
        "": "8100",
        "User_Id": "243",
        "Place_Id": "57",
        "Place_Ratings": "5"
    },
    "244": {
        "": "8133",
        "User_Id": "244",
        "Place_Id": "49",
        "Place_Ratings": "3"
    },
    "245": {
        "": "8159",
        "User_Id": "245",
        "Place_Id": "46",
        "Place_Ratings": "2"
    },
    "246": {
        "": "8188",
        "User_Id": "246",
        "Place_Id": "14",
        "Place_Ratings": "5"
    },
    "247": {
        "": "8231",
        "User_Id": "247",
        "Place_Id": "38",
        "Place_Ratings": "1"
    },
    "248": {
        "": "8265",
        "User_Id": "248",
        "Place_Id": "47",
        "Place_Ratings": "4"
    },
    "249": {
        "": "8292",
        "User_Id": "249",
        "Place_Id": "31",
        "Place_Ratings": "3"
    },
    "250": {
        "": "8329",
        "User_Id": "250",
        "Place_Id": "14",
        "Place_Ratings": "5"
    },
    "251": {
        "": "8356",
        "User_Id": "251",
        "Place_Id": "22",
        "Place_Ratings": "1"
    },
    "252": {
        "": "8382",
        "User_Id": "252",
        "Place_Id": "16",
        "Place_Ratings": "3"
    },
    "253": {
        "": "8408",
        "User_Id": "253",
        "Place_Id": "16",
        "Place_Ratings": "1"
    },
    "254": {
        "": "8432",
        "User_Id": "254",
        "Place_Id": "8",
        "Place_Ratings": "1"
    },
    "255": {
        "": "8466",
        "User_Id": "255",
        "Place_Id": "2",
        "Place_Ratings": "3"
    },
    "256": {
        "": "8498",
        "User_Id": "256",
        "Place_Id": "20",
        "Place_Ratings": "2"
    },
    "257": {
        "": "8535",
        "User_Id": "257",
        "Place_Id": "7",
        "Place_Ratings": "1"
    },
    "258": {
        "": "8575",
        "User_Id": "258",
        "Place_Id": "35",
        "Place_Ratings": "3"
    },
    "259": {
        "": "8598",
        "User_Id": "259",
        "Place_Id": "13",
        "Place_Ratings": "4"
    },
    "260": {
        "": "8635",
        "User_Id": "260",
        "Place_Id": "1",
        "Place_Ratings": "3"
    },
    "261": {
        "": "8672",
        "User_Id": "261",
        "Place_Id": "42",
        "Place_Ratings": "1"
    },
    "262": {
        "": "8709",
        "User_Id": "262",
        "Place_Id": "24",
        "Place_Ratings": "2"
    },
    "263": {
        "": "8746",
        "User_Id": "263",
        "Place_Id": "30",
        "Place_Ratings": "5"
    },
    "264": {
        "": "8779",
        "User_Id": "264",
        "Place_Id": "9",
        "Place_Ratings": "3"
    },
    "265": {
        "": "8813",
        "User_Id": "265",
        "Place_Id": "1",
        "Place_Ratings": "1"
    },
    "266": {
        "": "8841",
        "User_Id": "266",
        "Place_Id": "1",
        "Place_Ratings": "2"
    },
    "267": {
        "": "8894",
        "User_Id": "267",
        "Place_Id": "59",
        "Place_Ratings": "5"
    },
    "268": {
        "": "8926",
        "User_Id": "268",
        "Place_Id": "13",
        "Place_Ratings": "5"
    },
    "269": {
        "": "8956",
        "User_Id": "269",
        "Place_Id": "45",
        "Place_Ratings": "1"
    },
    "270": {
        "": "8984",
        "User_Id": "270",
        "Place_Id": "23",
        "Place_Ratings": "1"
    },
    "271": {
        "": "9011",
        "User_Id": "271",
        "Place_Id": "37",
        "Place_Ratings": "3"
    },
    "272": {
        "": "9045",
        "User_Id": "272",
        "Place_Id": "28",
        "Place_Ratings": "3"
    },
    "273": {
        "": "9080",
        "User_Id": "273",
        "Place_Id": "57",
        "Place_Ratings": "1"
    },
    "274": {
        "": "9120",
        "User_Id": "274",
        "Place_Id": "3",
        "Place_Ratings": "2"
    },
    "275": {
        "": "9143",
        "User_Id": "275",
        "Place_Id": "8",
        "Place_Ratings": "1"
    },
    "276": {
        "": "9193",
        "User_Id": "276",
        "Place_Id": "57",
        "Place_Ratings": "3"
    },
    "277": {
        "": "9229",
        "User_Id": "277",
        "Place_Id": "5",
        "Place_Ratings": "4"
    },
    "278": {
        "": "9259",
        "User_Id": "278",
        "Place_Id": "4",
        "Place_Ratings": "2"
    },
    "279": {
        "": "9285",
        "User_Id": "279",
        "Place_Id": "58",
        "Place_Ratings": "2"
    },
    "280": {
        "": "9316",
        "User_Id": "280",
        "Place_Id": "4",
        "Place_Ratings": "3"
    },
    "281": {
        "": "9349",
        "User_Id": "281",
        "Place_Id": "56",
        "Place_Ratings": "3"
    },
    "282": {
        "": "9385",
        "User_Id": "282",
        "Place_Id": "15",
        "Place_Ratings": "2"
    },
    "283": {
        "": "9425",
        "User_Id": "283",
        "Place_Id": "47",
        "Place_Ratings": "4"
    },
    "284": {
        "": "9452",
        "User_Id": "284",
        "Place_Id": "30",
        "Place_Ratings": "5"
    },
    "285": {
        "": "9486",
        "User_Id": "285",
        "Place_Id": "56",
        "Place_Ratings": "5"
    },
    "286": {
        "": "9522",
        "User_Id": "286",
        "Place_Id": "2",
        "Place_Ratings": "4"
    },
    "287": {
        "": "9559",
        "User_Id": "287",
        "Place_Id": "29",
        "Place_Ratings": "4"
    },
    "288": {
        "": "9597",
        "User_Id": "288",
        "Place_Id": "50",
        "Place_Ratings": "1"
    },
    "289": {
        "": "9640",
        "User_Id": "289",
        "Place_Id": "11",
        "Place_Ratings": "5"
    },
    "290": {
        "": "9671",
        "User_Id": "290",
        "Place_Id": "15",
        "Place_Ratings": "2"
    },
    "291": {
        "": "9699",
        "User_Id": "291",
        "Place_Id": "47",
        "Place_Ratings": "4"
    },
    "292": {
        "": "9733",
        "User_Id": "292",
        "Place_Id": "33",
        "Place_Ratings": "1"
    },
    "293": {
        "": "9758",
        "User_Id": "293",
        "Place_Id": "42",
        "Place_Ratings": "3"
    },
    "294": {
        "": "9800",
        "User_Id": "294",
        "Place_Id": "47",
        "Place_Ratings": "2"
    },
    "295": {
        "": "9832",
        "User_Id": "295",
        "Place_Id": "43",
        "Place_Ratings": "5"
    },
    "296": {
        "": "9868",
        "User_Id": "296",
        "Place_Id": "20",
        "Place_Ratings": "2"
    },
    "297": {
        "": "9904",
        "User_Id": "297",
        "Place_Id": "25",
        "Place_Ratings": "2"
    },
    "298": {
        "": "9934",
        "User_Id": "298",
        "Place_Id": "6",
        "Place_Ratings": "4"
    },
    "299": {
        "": "9973",
        "User_Id": "299",
        "Place_Id": "13",
        "Place_Ratings": "3"
    },
    "300": {
        "": "9999",
        "User_Id": "300",
        "Place_Id": "32",
        "Place_Ratings": "2"
    }
}