{
    "1": {
        "User_Id": "1",
        "Location": "Semarang, Jawa Tengah",
        "Age": "20"
    },
    "2": {
        "User_Id": "2",
        "Location": "Bekasi, Jawa Barat",
        "Age": "21"
    },
    "3": {
        "User_Id": "3",
        "Location": "Cirebon, Jawa Barat",
        "Age": "23"
    },
    "4": {
        "User_Id": "4",
        "Location": "Bekasi, Jawa Barat",
        "Age": "21"
    },
    "5": {
        "User_Id": "5",
        "Location": "Lampung, Sumatera Selatan",
        "Age": "20"
    },
    "6": {
        "User_Id": "6",
        "Location": "Jakarta Utara, DKI Jakarta",
        "Age": "18"
    },
    "7": {
        "User_Id": "7",
        "Location": "Jakarta Selatan, DKI Jakarta",
        "Age": "39"
    },
    "8": {
        "User_Id": "8",
        "Location": "Bandung, Jawa Barat",
        "Age": "40"
    },
    "9": {
        "User_Id": "9",
        "Location": "Surabaya, Jawa Timur",
        "Age": "38"
    },
    "10": {
        "User_Id": "10",
        "Location": "Bekasi, Jawa Barat",
        "Age": "39"
    },
    "11": {
        "User_Id": "11",
        "Location": "Yogyakarta, DIY",
        "Age": "20"
    },
    "12": {
        "User_Id": "12",
        "Location": "Bogor, Jawa Barat",
        "Age": "37"
    },
    "13": {
        "User_Id": "13",
        "Location": "Depok, Jawa Barat",
        "Age": "18"
    },
    "14": {
        "User_Id": "14",
        "Location": "Jakarta Pusat, DKI Jakarta",
        "Age": "26"
    },
    "15": {
        "User_Id": "15",
        "Location": "Jakarta Timur, DKI Jakarta",
        "Age": "34"
    },
    "16": {
        "User_Id": "16",
        "Location": "Bekasi, Jawa Barat",
        "Age": "40"
    },
    "17": {
        "User_Id": "17",
        "Location": "Semarang, Jawa Tengah",
        "Age": "31"
    },
    "18": {
        "User_Id": "18",
        "Location": "Yogyakarta, DIY",
        "Age": "39"
    },
    "19": {
        "User_Id": "19",
        "Location": "Cirebon, Jawa Barat",
        "Age": "26"
    },
    "20": {
        "User_Id": "20",
        "Location": "Lampung, Sumatera Selatan",
        "Age": "30"
    },
    "21": {
        "User_Id": "21",
        "Location": "Semarang, Jawa Tengah",
        "Age": "30"
    },
    "22": {
        "User_Id": "22",
        "Location": "Subang, Jawa Barat",
        "Age": "25"
    },
    "23": {
        "User_Id": "23",
        "Location": "Jakarta Barat, DKI Jakarta",
        "Age": "37"
    },
    "24": {
        "User_Id": "24",
        "Location": "Bekasi, Jawa Barat",
        "Age": "36"
    },
    "25": {
        "User_Id": "25",
        "Location": "Lampung, Sumatera Selatan",
        "Age": "40"
    },
    "26": {
        "User_Id": "26",
        "Location": "Palembang, Sumatera Selatan",
        "Age": "38"
    },
    "27": {
        "User_Id": "27",
        "Location": "Bogor, Jawa Barat",
        "Age": "22"
    },
    "28": {
        "User_Id": "28",
        "Location": "Sragen, Jawa Tengah",
        "Age": "38"
    },
    "29": {
        "User_Id": "29",
        "Location": "Ponorogo, Jawa Timur",
        "Age": "34"
    },
    "30": {
        "User_Id": "30",
        "Location": "Depok, Jawa Barat",
        "Age": "30"
    },
    "31": {
        "User_Id": "31",
        "Location": "Jakarta Selatan, DKI Jakarta",
        "Age": "26"
    },
    "32": {
        "User_Id": "32",
        "Location": "Bekasi, Jawa Barat",
        "Age": "34"
    },
    "33": {
        "User_Id": "33",
        "Location": "Ponorogo, Jawa Timur",
        "Age": "24"
    },
    "34": {
        "User_Id": "34",
        "Location": "Sragen, Jawa Tengah",
        "Age": "31"
    },
    "35": {
        "User_Id": "35",
        "Location": "Klaten, Jawa Tengah",
        "Age": "24"
    },
    "36": {
        "User_Id": "36",
        "Location": "Solo, Jawa Tengah",
        "Age": "20"
    },
    "37": {
        "User_Id": "37",
        "Location": "Tanggerang, Banten",
        "Age": "21"
    },
    "38": {
        "User_Id": "38",
        "Location": "Serang, Banten",
        "Age": "26"
    },
    "39": {
        "User_Id": "39",
        "Location": "Cilacap, Jawa Tengah",
        "Age": "32"
    },
    "40": {
        "User_Id": "40",
        "Location": "Semarang, Jawa Tengah",
        "Age": "27"
    },
    "41": {
        "User_Id": "41",
        "Location": "Yogyakarta, DIY",
        "Age": "24"
    },
    "42": {
        "User_Id": "42",
        "Location": "Kota Gede, DIY",
        "Age": "37"
    },
    "43": {
        "User_Id": "43",
        "Location": "Cirebon, Jawa Barat",
        "Age": "33"
    },
    "44": {
        "User_Id": "44",
        "Location": "Subang, Jawa Barat",
        "Age": "21"
    },
    "45": {
        "User_Id": "45",
        "Location": "Karawang, Jawa Barat",
        "Age": "25"
    },
    "46": {
        "User_Id": "46",
        "Location": "Purwakarat, Jawa Barat",
        "Age": "38"
    },
    "47": {
        "User_Id": "47",
        "Location": "Jakarta Utara, DKI Jakarta",
        "Age": "31"
    },
    "48": {
        "User_Id": "48",
        "Location": "Jakarta Selatan, DKI Jakarta",
        "Age": "35"
    },
    "49": {
        "User_Id": "49",
        "Location": "Jakarta Pusat, DKI Jakarta",
        "Age": "24"
    },
    "50": {
        "User_Id": "50",
        "Location": "Bekasi, Jawa Barat",
        "Age": "19"
    },
    "51": {
        "User_Id": "51",
        "Location": "Bogor, Jawa Barat",
        "Age": "29"
    },
    "52": {
        "User_Id": "52",
        "Location": "Karawang, Jawa Barat",
        "Age": "18"
    },
    "53": {
        "User_Id": "53",
        "Location": "Subang, Jawa Barat",
        "Age": "28"
    },
    "54": {
        "User_Id": "54",
        "Location": "Serang, Banten",
        "Age": "31"
    },
    "55": {
        "User_Id": "55",
        "Location": "Tanggerang, Banten",
        "Age": "19"
    },
    "56": {
        "User_Id": "56",
        "Location": "Kota Gede, DIY",
        "Age": "18"
    },
    "57": {
        "User_Id": "57",
        "Location": "Yogyakarta, DIY",
        "Age": "21"
    },
    "58": {
        "User_Id": "58",
        "Location": "Lampung, Sumatera Selatan",
        "Age": "21"
    },
    "59": {
        "User_Id": "59",
        "Location": "Ponorogo, Jawa Timur",
        "Age": "26"
    },
    "60": {
        "User_Id": "60",
        "Location": "Surabaya, Jawa Timur",
        "Age": "25"
    },
    "61": {
        "User_Id": "61",
        "Location": "Nganjuk, Jawa Timur",
        "Age": "23"
    },
    "62": {
        "User_Id": "62",
        "Location": "Madura, Jawa Timur",
        "Age": "36"
    },
    "63": {
        "User_Id": "63",
        "Location": "Semarang, Jawa Tengah",
        "Age": "35"
    },
    "64": {
        "User_Id": "64",
        "Location": "Bandung, Jawa Barat",
        "Age": "38"
    },
    "65": {
        "User_Id": "65",
        "Location": "Yogyakarta, DIY",
        "Age": "22"
    },
    "66": {
        "User_Id": "66",
        "Location": "Bekasi, Jawa Barat",
        "Age": "33"
    },
    "67": {
        "User_Id": "67",
        "Location": "Surabaya, Jawa Timur",
        "Age": "25"
    },
    "68": {
        "User_Id": "68",
        "Location": "Kota Gede, DIY",
        "Age": "37"
    },
    "69": {
        "User_Id": "69",
        "Location": "Bekasi, Jawa Barat",
        "Age": "24"
    },
    "70": {
        "User_Id": "70",
        "Location": "Bogor, Jawa Barat",
        "Age": "21"
    },
    "71": {
        "User_Id": "71",
        "Location": "Depok, Jawa Barat",
        "Age": "39"
    },
    "72": {
        "User_Id": "72",
        "Location": "Tanggerang, Banten",
        "Age": "19"
    },
    "73": {
        "User_Id": "73",
        "Location": "Serang, Banten",
        "Age": "29"
    },
    "74": {
        "User_Id": "74",
        "Location": "Semarang, Jawa Tengah",
        "Age": "30"
    },
    "75": {
        "User_Id": "75",
        "Location": "Bekasi, Jawa Barat",
        "Age": "19"
    },
    "76": {
        "User_Id": "76",
        "Location": "Cirebon, Jawa Barat",
        "Age": "19"
    },
    "77": {
        "User_Id": "77",
        "Location": "Bekasi, Jawa Barat",
        "Age": "34"
    },
    "78": {
        "User_Id": "78",
        "Location": "Lampung, Sumatera Selatan",
        "Age": "22"
    },
    "79": {
        "User_Id": "79",
        "Location": "Jakarta Utara, DKI Jakarta",
        "Age": "31"
    },
    "80": {
        "User_Id": "80",
        "Location": "Jakarta Selatan, DKI Jakarta",
        "Age": "32"
    },
    "81": {
        "User_Id": "81",
        "Location": "Bandung, Jawa Barat",
        "Age": "29"
    },
    "82": {
        "User_Id": "82",
        "Location": "Surabaya, Jawa Timur",
        "Age": "24"
    },
    "83": {
        "User_Id": "83",
        "Location": "Bekasi, Jawa Barat",
        "Age": "32"
    },
    "84": {
        "User_Id": "84",
        "Location": "Yogyakarta, DIY",
        "Age": "35"
    },
    "85": {
        "User_Id": "85",
        "Location": "Bogor, Jawa Barat",
        "Age": "31"
    },
    "86": {
        "User_Id": "86",
        "Location": "Depok, Jawa Barat",
        "Age": "32"
    },
    "87": {
        "User_Id": "87",
        "Location": "Jakarta Pusat, DKI Jakarta",
        "Age": "30"
    },
    "88": {
        "User_Id": "88",
        "Location": "Jakarta Timur, DKI Jakarta",
        "Age": "27"
    },
    "89": {
        "User_Id": "89",
        "Location": "Bekasi, Jawa Barat",
        "Age": "35"
    },
    "90": {
        "User_Id": "90",
        "Location": "Semarang, Jawa Tengah",
        "Age": "29"
    },
    "91": {
        "User_Id": "91",
        "Location": "Yogyakarta, DIY",
        "Age": "32"
    },
    "92": {
        "User_Id": "92",
        "Location": "Cirebon, Jawa Barat",
        "Age": "39"
    },
    "93": {
        "User_Id": "93",
        "Location": "Lampung, Sumatera Selatan",
        "Age": "18"
    },
    "94": {
        "User_Id": "94",
        "Location": "Semarang, Jawa Tengah",
        "Age": "34"
    },
    "95": {
        "User_Id": "95",
        "Location": "Subang, Jawa Barat",
        "Age": "27"
    },
    "96": {
        "User_Id": "96",
        "Location": "Jakarta Barat, DKI Jakarta",
        "Age": "19"
    },
    "97": {
        "User_Id": "97",
        "Location": "Bekasi, Jawa Barat",
        "Age": "38"
    },
    "98": {
        "User_Id": "98",
        "Location": "Lampung, Sumatera Selatan",
        "Age": "28"
    },
    "99": {
        "User_Id": "99",
        "Location": "Palembang, Sumatera Selatan",
        "Age": "33"
    },
    "100": {
        "User_Id": "100",
        "Location": "Bogor, Jawa Barat",
        "Age": "28"
    },
    "101": {
        "User_Id": "101",
        "Location": "Sragen, Jawa Tengah",
        "Age": "39"
    },
    "102": {
        "User_Id": "102",
        "Location": "Ponorogo, Jawa Timur",
        "Age": "21"
    },
    "103": {
        "User_Id": "103",
        "Location": "Depok, Jawa Barat",
        "Age": "30"
    },
    "104": {
        "User_Id": "104",
        "Location": "Jakarta Selatan, DKI Jakarta",
        "Age": "27"
    },
    "105": {
        "User_Id": "105",
        "Location": "Bekasi, Jawa Barat",
        "Age": "37"
    },
    "106": {
        "User_Id": "106",
        "Location": "Ponorogo, Jawa Timur",
        "Age": "32"
    },
    "107": {
        "User_Id": "107",
        "Location": "Sragen, Jawa Tengah",
        "Age": "24"
    },
    "108": {
        "User_Id": "108",
        "Location": "Klaten, Jawa Tengah",
        "Age": "33"
    },
    "109": {
        "User_Id": "109",
        "Location": "Solo, Jawa Tengah",
        "Age": "18"
    },
    "110": {
        "User_Id": "110",
        "Location": "Tanggerang, Banten",
        "Age": "39"
    },
    "111": {
        "User_Id": "111",
        "Location": "Serang, Banten",
        "Age": "38"
    },
    "112": {
        "User_Id": "112",
        "Location": "Cilacap, Jawa Tengah",
        "Age": "18"
    },
    "113": {
        "User_Id": "113",
        "Location": "Semarang, Jawa Tengah",
        "Age": "38"
    },
    "114": {
        "User_Id": "114",
        "Location": "Yogyakarta, DIY",
        "Age": "39"
    },
    "115": {
        "User_Id": "115",
        "Location": "Kota Gede, DIY",
        "Age": "26"
    },
    "116": {
        "User_Id": "116",
        "Location": "Cirebon, Jawa Barat",
        "Age": "23"
    },
    "117": {
        "User_Id": "117",
        "Location": "Subang, Jawa Barat",
        "Age": "30"
    },
    "118": {
        "User_Id": "118",
        "Location": "Karawang, Jawa Barat",
        "Age": "32"
    },
    "119": {
        "User_Id": "119",
        "Location": "Purwakarat, Jawa Barat",
        "Age": "25"
    },
    "120": {
        "User_Id": "120",
        "Location": "Jakarta Utara, DKI Jakarta",
        "Age": "32"
    },
    "121": {
        "User_Id": "121",
        "Location": "Jakarta Selatan, DKI Jakarta",
        "Age": "35"
    },
    "122": {
        "User_Id": "122",
        "Location": "Jakarta Pusat, DKI Jakarta",
        "Age": "24"
    },
    "123": {
        "User_Id": "123",
        "Location": "Bekasi, Jawa Barat",
        "Age": "32"
    },
    "124": {
        "User_Id": "124",
        "Location": "Bogor, Jawa Barat",
        "Age": "22"
    },
    "125": {
        "User_Id": "125",
        "Location": "Karawang, Jawa Barat",
        "Age": "24"
    },
    "126": {
        "User_Id": "126",
        "Location": "Subang, Jawa Barat",
        "Age": "32"
    },
    "127": {
        "User_Id": "127",
        "Location": "Serang, Banten",
        "Age": "38"
    },
    "128": {
        "User_Id": "128",
        "Location": "Tanggerang, Banten",
        "Age": "28"
    },
    "129": {
        "User_Id": "129",
        "Location": "Kota Gede, DIY",
        "Age": "29"
    },
    "130": {
        "User_Id": "130",
        "Location": "Yogyakarta, DIY",
        "Age": "27"
    },
    "131": {
        "User_Id": "131",
        "Location": "Lampung, Sumatera Selatan",
        "Age": "21"
    },
    "132": {
        "User_Id": "132",
        "Location": "Ponorogo, Jawa Timur",
        "Age": "31"
    },
    "133": {
        "User_Id": "133",
        "Location": "Surabaya, Jawa Timur",
        "Age": "29"
    },
    "134": {
        "User_Id": "134",
        "Location": "Nganjuk, Jawa Timur",
        "Age": "27"
    },
    "135": {
        "User_Id": "135",
        "Location": "Madura, Jawa Timur",
        "Age": "22"
    },
    "136": {
        "User_Id": "136",
        "Location": "Semarang, Jawa Tengah",
        "Age": "35"
    },
    "137": {
        "User_Id": "137",
        "Location": "Bandung, Jawa Barat",
        "Age": "28"
    },
    "138": {
        "User_Id": "138",
        "Location": "Yogyakarta, DIY",
        "Age": "25"
    },
    "139": {
        "User_Id": "139",
        "Location": "Bekasi, Jawa Barat",
        "Age": "33"
    },
    "140": {
        "User_Id": "140",
        "Location": "Surabaya, Jawa Timur",
        "Age": "25"
    },
    "141": {
        "User_Id": "141",
        "Location": "Kota Gede, DIY",
        "Age": "34"
    },
    "142": {
        "User_Id": "142",
        "Location": "Bekasi, Jawa Barat",
        "Age": "29"
    },
    "143": {
        "User_Id": "143",
        "Location": "Bogor, Jawa Barat",
        "Age": "25"
    },
    "144": {
        "User_Id": "144",
        "Location": "Depok, Jawa Barat",
        "Age": "18"
    },
    "145": {
        "User_Id": "145",
        "Location": "Tanggerang, Banten",
        "Age": "37"
    },
    "146": {
        "User_Id": "146",
        "Location": "Serang, Banten",
        "Age": "38"
    },
    "147": {
        "User_Id": "147",
        "Location": "Semarang, Jawa Tengah",
        "Age": "18"
    },
    "148": {
        "User_Id": "148",
        "Location": "Bekasi, Jawa Barat",
        "Age": "33"
    },
    "149": {
        "User_Id": "149",
        "Location": "Cirebon, Jawa Barat",
        "Age": "30"
    },
    "150": {
        "User_Id": "150",
        "Location": "Bekasi, Jawa Barat",
        "Age": "40"
    },
    "151": {
        "User_Id": "151",
        "Location": "Lampung, Sumatera Selatan",
        "Age": "36"
    },
    "152": {
        "User_Id": "152",
        "Location": "Jakarta Utara, DKI Jakarta",
        "Age": "25"
    },
    "153": {
        "User_Id": "153",
        "Location": "Jakarta Selatan, DKI Jakarta",
        "Age": "39"
    },
    "154": {
        "User_Id": "154",
        "Location": "Bandung, Jawa Barat",
        "Age": "31"
    },
    "155": {
        "User_Id": "155",
        "Location": "Surabaya, Jawa Timur",
        "Age": "37"
    },
    "156": {
        "User_Id": "156",
        "Location": "Bekasi, Jawa Barat",
        "Age": "31"
    },
    "157": {
        "User_Id": "157",
        "Location": "Yogyakarta, DIY",
        "Age": "28"
    },
    "158": {
        "User_Id": "158",
        "Location": "Bogor, Jawa Barat",
        "Age": "23"
    },
    "159": {
        "User_Id": "159",
        "Location": "Depok, Jawa Barat",
        "Age": "20"
    },
    "160": {
        "User_Id": "160",
        "Location": "Jakarta Pusat, DKI Jakarta",
        "Age": "36"
    },
    "161": {
        "User_Id": "161",
        "Location": "Jakarta Timur, DKI Jakarta",
        "Age": "33"
    },
    "162": {
        "User_Id": "162",
        "Location": "Bekasi, Jawa Barat",
        "Age": "25"
    },
    "163": {
        "User_Id": "163",
        "Location": "Semarang, Jawa Tengah",
        "Age": "40"
    },
    "164": {
        "User_Id": "164",
        "Location": "Yogyakarta, DIY",
        "Age": "19"
    },
    "165": {
        "User_Id": "165",
        "Location": "Cirebon, Jawa Barat",
        "Age": "23"
    },
    "166": {
        "User_Id": "166",
        "Location": "Lampung, Sumatera Selatan",
        "Age": "26"
    },
    "167": {
        "User_Id": "167",
        "Location": "Semarang, Jawa Tengah",
        "Age": "19"
    },
    "168": {
        "User_Id": "168",
        "Location": "Subang, Jawa Barat",
        "Age": "38"
    },
    "169": {
        "User_Id": "169",
        "Location": "Jakarta Barat, DKI Jakarta",
        "Age": "18"
    },
    "170": {
        "User_Id": "170",
        "Location": "Bekasi, Jawa Barat",
        "Age": "19"
    },
    "171": {
        "User_Id": "171",
        "Location": "Lampung, Sumatera Selatan",
        "Age": "33"
    },
    "172": {
        "User_Id": "172",
        "Location": "Palembang, Sumatera Selatan",
        "Age": "34"
    },
    "173": {
        "User_Id": "173",
        "Location": "Bogor, Jawa Barat",
        "Age": "29"
    },
    "174": {
        "User_Id": "174",
        "Location": "Sragen, Jawa Tengah",
        "Age": "32"
    },
    "175": {
        "User_Id": "175",
        "Location": "Ponorogo, Jawa Timur",
        "Age": "36"
    },
    "176": {
        "User_Id": "176",
        "Location": "Depok, Jawa Barat",
        "Age": "31"
    },
    "177": {
        "User_Id": "177",
        "Location": "Jakarta Selatan, DKI Jakarta",
        "Age": "35"
    },
    "178": {
        "User_Id": "178",
        "Location": "Bekasi, Jawa Barat",
        "Age": "33"
    },
    "179": {
        "User_Id": "179",
        "Location": "Ponorogo, Jawa Timur",
        "Age": "27"
    },
    "180": {
        "User_Id": "180",
        "Location": "Sragen, Jawa Tengah",
        "Age": "24"
    },
    "181": {
        "User_Id": "181",
        "Location": "Klaten, Jawa Tengah",
        "Age": "29"
    },
    "182": {
        "User_Id": "182",
        "Location": "Solo, Jawa Tengah",
        "Age": "34"
    },
    "183": {
        "User_Id": "183",
        "Location": "Tanggerang, Banten",
        "Age": "37"
    },
    "184": {
        "User_Id": "184",
        "Location": "Serang, Banten",
        "Age": "30"
    },
    "185": {
        "User_Id": "185",
        "Location": "Cilacap, Jawa Tengah",
        "Age": "33"
    },
    "186": {
        "User_Id": "186",
        "Location": "Semarang, Jawa Tengah",
        "Age": "28"
    },
    "187": {
        "User_Id": "187",
        "Location": "Yogyakarta, DIY",
        "Age": "25"
    },
    "188": {
        "User_Id": "188",
        "Location": "Kota Gede, DIY",
        "Age": "37"
    },
    "189": {
        "User_Id": "189",
        "Location": "Cirebon, Jawa Barat",
        "Age": "21"
    },
    "190": {
        "User_Id": "190",
        "Location": "Subang, Jawa Barat",
        "Age": "18"
    },
    "191": {
        "User_Id": "191",
        "Location": "Karawang, Jawa Barat",
        "Age": "32"
    },
    "192": {
        "User_Id": "192",
        "Location": "Purwakarat, Jawa Barat",
        "Age": "37"
    },
    "193": {
        "User_Id": "193",
        "Location": "Jakarta Utara, DKI Jakarta",
        "Age": "20"
    },
    "194": {
        "User_Id": "194",
        "Location": "Jakarta Selatan, DKI Jakarta",
        "Age": "31"
    },
    "195": {
        "User_Id": "195",
        "Location": "Jakarta Pusat, DKI Jakarta",
        "Age": "29"
    },
    "196": {
        "User_Id": "196",
        "Location": "Bekasi, Jawa Barat",
        "Age": "28"
    },
    "197": {
        "User_Id": "197",
        "Location": "Bogor, Jawa Barat",
        "Age": "27"
    },
    "198": {
        "User_Id": "198",
        "Location": "Karawang, Jawa Barat",
        "Age": "26"
    },
    "199": {
        "User_Id": "199",
        "Location": "Subang, Jawa Barat",
        "Age": "18"
    },
    "200": {
        "User_Id": "200",
        "Location": "Serang, Banten",
        "Age": "34"
    },
    "201": {
        "User_Id": "201",
        "Location": "Bekasi, Jawa Barat",
        "Age": "21"
    },
    "202": {
        "User_Id": "202",
        "Location": "Lampung, Sumatera Selatan",
        "Age": "21"
    },
    "203": {
        "User_Id": "203",
        "Location": "Jakarta Utara, DKI Jakarta",
        "Age": "24"
    },
    "204": {
        "User_Id": "204",
        "Location": "Jakarta Selatan, DKI Jakarta",
        "Age": "21"
    },
    "205": {
        "User_Id": "205",
        "Location": "Bandung, Jawa Barat",
        "Age": "24"
    },
    "206": {
        "User_Id": "206",
        "Location": "Surabaya, Jawa Timur",
        "Age": "30"
    },
    "207": {
        "User_Id": "207",
        "Location": "Bekasi, Jawa Barat",
        "Age": "20"
    },
    "208": {
        "User_Id": "208",
        "Location": "Yogyakarta, DIY",
        "Age": "27"
    },
    "209": {
        "User_Id": "209",
        "Location": "Bogor, Jawa Barat",
        "Age": "19"
    },
    "210": {
        "User_Id": "210",
        "Location": "Depok, Jawa Barat",
        "Age": "18"
    },
    "211": {
        "User_Id": "211",
        "Location": "Jakarta Pusat, DKI Jakarta",
        "Age": "22"
    },
    "212": {
        "User_Id": "212",
        "Location": "Jakarta Timur, DKI Jakarta",
        "Age": "28"
    },
    "213": {
        "User_Id": "213",
        "Location": "Bekasi, Jawa Barat",
        "Age": "20"
    },
    "214": {
        "User_Id": "214",
        "Location": "Semarang, Jawa Tengah",
        "Age": "30"
    },
    "215": {
        "User_Id": "215",
        "Location": "Yogyakarta, DIY",
        "Age": "23"
    },
    "216": {
        "User_Id": "216",
        "Location": "Cirebon, Jawa Barat",
        "Age": "28"
    },
    "217": {
        "User_Id": "217",
        "Location": "Lampung, Sumatera Selatan",
        "Age": "20"
    },
    "218": {
        "User_Id": "218",
        "Location": "Semarang, Jawa Tengah",
        "Age": "29"
    },
    "219": {
        "User_Id": "219",
        "Location": "Subang, Jawa Barat",
        "Age": "24"
    },
    "220": {
        "User_Id": "220",
        "Location": "Jakarta Barat, DKI Jakarta",
        "Age": "23"
    },
    "221": {
        "User_Id": "221",
        "Location": "Bekasi, Jawa Barat",
        "Age": "30"
    },
    "222": {
        "User_Id": "222",
        "Location": "Lampung, Sumatera Selatan",
        "Age": "30"
    },
    "223": {
        "User_Id": "223",
        "Location": "Palembang, Sumatera Selatan",
        "Age": "20"
    },
    "224": {
        "User_Id": "224",
        "Location": "Bogor, Jawa Barat",
        "Age": "28"
    },
    "225": {
        "User_Id": "225",
        "Location": "Sragen, Jawa Tengah",
        "Age": "19"
    },
    "226": {
        "User_Id": "226",
        "Location": "Ponorogo, Jawa Timur",
        "Age": "23"
    },
    "227": {
        "User_Id": "227",
        "Location": "Depok, Jawa Barat",
        "Age": "25"
    },
    "228": {
        "User_Id": "228",
        "Location": "Jakarta Selatan, DKI Jakarta",
        "Age": "18"
    },
    "229": {
        "User_Id": "229",
        "Location": "Bekasi, Jawa Barat",
        "Age": "20"
    },
    "230": {
        "User_Id": "230",
        "Location": "Ponorogo, Jawa Timur",
        "Age": "20"
    },
    "231": {
        "User_Id": "231",
        "Location": "Sragen, Jawa Tengah",
        "Age": "28"
    },
    "232": {
        "User_Id": "232",
        "Location": "Klaten, Jawa Tengah",
        "Age": "30"
    },
    "233": {
        "User_Id": "233",
        "Location": "Solo, Jawa Tengah",
        "Age": "23"
    },
    "234": {
        "User_Id": "234",
        "Location": "Tanggerang, Banten",
        "Age": "27"
    },
    "235": {
        "User_Id": "235",
        "Location": "Serang, Banten",
        "Age": "18"
    },
    "236": {
        "User_Id": "236",
        "Location": "Cilacap, Jawa Tengah",
        "Age": "23"
    },
    "237": {
        "User_Id": "237",
        "Location": "Semarang, Jawa Tengah",
        "Age": "20"
    },
    "238": {
        "User_Id": "238",
        "Location": "Yogyakarta, DIY",
        "Age": "30"
    },
    "239": {
        "User_Id": "239",
        "Location": "Kota Gede, DIY",
        "Age": "23"
    },
    "240": {
        "User_Id": "240",
        "Location": "Cirebon, Jawa Barat",
        "Age": "22"
    },
    "241": {
        "User_Id": "241",
        "Location": "Subang, Jawa Barat",
        "Age": "20"
    },
    "242": {
        "User_Id": "242",
        "Location": "Karawang, Jawa Barat",
        "Age": "20"
    },
    "243": {
        "User_Id": "243",
        "Location": "Purwakarat, Jawa Barat",
        "Age": "20"
    },
    "244": {
        "User_Id": "244",
        "Location": "Jakarta Utara, DKI Jakarta",
        "Age": "27"
    },
    "245": {
        "User_Id": "245",
        "Location": "Jakarta Selatan, DKI Jakarta",
        "Age": "27"
    },
    "246": {
        "User_Id": "246",
        "Location": "Jakarta Pusat, DKI Jakarta",
        "Age": "28"
    },
    "247": {
        "User_Id": "247",
        "Location": "Bekasi, Jawa Barat",
        "Age": "28"
    },
    "248": {
        "User_Id": "248",
        "Location": "Bogor, Jawa Barat",
        "Age": "29"
    },
    "249": {
        "User_Id": "249",
        "Location": "Karawang, Jawa Barat",
        "Age": "19"
    },
    "250": {
        "User_Id": "250",
        "Location": "Subang, Jawa Barat",
        "Age": "27"
    },
    "251": {
        "User_Id": "251",
        "Location": "Semarang, Jawa Tengah",
        "Age": "29"
    },
    "252": {
        "User_Id": "252",
        "Location": "Bekasi, Jawa Barat",
        "Age": "30"
    },
    "253": {
        "User_Id": "253",
        "Location": "Cirebon, Jawa Barat",
        "Age": "34"
    },
    "254": {
        "User_Id": "254",
        "Location": "Bekasi, Jawa Barat",
        "Age": "34"
    },
    "255": {
        "User_Id": "255",
        "Location": "Lampung, Sumatera Selatan",
        "Age": "30"
    },
    "256": {
        "User_Id": "256",
        "Location": "Jakarta Utara, DKI Jakarta",
        "Age": "39"
    },
    "257": {
        "User_Id": "257",
        "Location": "Jakarta Selatan, DKI Jakarta",
        "Age": "25"
    },
    "258": {
        "User_Id": "258",
        "Location": "Bandung, Jawa Barat",
        "Age": "38"
    },
    "259": {
        "User_Id": "259",
        "Location": "Surabaya, Jawa Timur",
        "Age": "27"
    },
    "260": {
        "User_Id": "260",
        "Location": "Bekasi, Jawa Barat",
        "Age": "33"
    },
    "261": {
        "User_Id": "261",
        "Location": "Yogyakarta, DIY",
        "Age": "38"
    },
    "262": {
        "User_Id": "262",
        "Location": "Bogor, Jawa Barat",
        "Age": "38"
    },
    "263": {
        "User_Id": "263",
        "Location": "Depok, Jawa Barat",
        "Age": "27"
    },
    "264": {
        "User_Id": "264",
        "Location": "Jakarta Pusat, DKI Jakarta",
        "Age": "37"
    },
    "265": {
        "User_Id": "265",
        "Location": "Jakarta Timur, DKI Jakarta",
        "Age": "30"
    },
    "266": {
        "User_Id": "266",
        "Location": "Bekasi, Jawa Barat",
        "Age": "32"
    },
    "267": {
        "User_Id": "267",
        "Location": "Semarang, Jawa Tengah",
        "Age": "31"
    },
    "268": {
        "User_Id": "268",
        "Location": "Yogyakarta, DIY",
        "Age": "32"
    },
    "269": {
        "User_Id": "269",
        "Location": "Cirebon, Jawa Barat",
        "Age": "36"
    },
    "270": {
        "User_Id": "270",
        "Location": "Lampung, Sumatera Selatan",
        "Age": "25"
    },
    "271": {
        "User_Id": "271",
        "Location": "Semarang, Jawa Tengah",
        "Age": "37"
    },
    "272": {
        "User_Id": "272",
        "Location": "Subang, Jawa Barat",
        "Age": "30"
    },
    "273": {
        "User_Id": "273",
        "Location": "Jakarta Barat, DKI Jakarta",
        "Age": "33"
    },
    "274": {
        "User_Id": "274",
        "Location": "Bekasi, Jawa Barat",
        "Age": "38"
    },
    "275": {
        "User_Id": "275",
        "Location": "Lampung, Sumatera Selatan",
        "Age": "34"
    },
    "276": {
        "User_Id": "276",
        "Location": "Lampung, Sumatera Selatan",
        "Age": "39"
    },
    "277": {
        "User_Id": "277",
        "Location": "Jakarta Utara, DKI Jakarta",
        "Age": "29"
    },
    "278": {
        "User_Id": "278",
        "Location": "Jakarta Selatan, DKI Jakarta",
        "Age": "40"
    },
    "279": {
        "User_Id": "279",
        "Location": "Bandung, Jawa Barat",
        "Age": "28"
    },
    "280": {
        "User_Id": "280",
        "Location": "Surabaya, Jawa Timur",
        "Age": "40"
    },
    "281": {
        "User_Id": "281",
        "Location": "Bekasi, Jawa Barat",
        "Age": "30"
    },
    "282": {
        "User_Id": "282",
        "Location": "Yogyakarta, DIY",
        "Age": "39"
    },
    "283": {
        "User_Id": "283",
        "Location": "Bogor, Jawa Barat",
        "Age": "37"
    },
    "284": {
        "User_Id": "284",
        "Location": "Depok, Jawa Barat",
        "Age": "29"
    },
    "285": {
        "User_Id": "285",
        "Location": "Jakarta Pusat, DKI Jakarta",
        "Age": "29"
    },
    "286": {
        "User_Id": "286",
        "Location": "Jakarta Timur, DKI Jakarta",
        "Age": "35"
    },
    "287": {
        "User_Id": "287",
        "Location": "Bekasi, Jawa Barat",
        "Age": "27"
    },
    "288": {
        "User_Id": "288",
        "Location": "Semarang, Jawa Tengah",
        "Age": "30"
    },
    "289": {
        "User_Id": "289",
        "Location": "Yogyakarta, DIY",
        "Age": "35"
    },
    "290": {
        "User_Id": "290",
        "Location": "Cirebon, Jawa Barat",
        "Age": "34"
    },
    "291": {
        "User_Id": "291",
        "Location": "Lampung, Sumatera Selatan",
        "Age": "25"
    },
    "292": {
        "User_Id": "292",
        "Location": "Semarang, Jawa Tengah",
        "Age": "29"
    },
    "293": {
        "User_Id": "293",
        "Location": "Subang, Jawa Barat",
        "Age": "34"
    },
    "294": {
        "User_Id": "294",
        "Location": "Jakarta Barat, DKI Jakarta",
        "Age": "28"
    },
    "295": {
        "User_Id": "295",
        "Location": "Bekasi, Jawa Barat",
        "Age": "31"
    },
    "296": {
        "User_Id": "296",
        "Location": "Lampung, Sumatera Selatan",
        "Age": "31"
    },
    "297": {
        "User_Id": "297",
        "Location": "Palembang, Sumatera Selatan",
        "Age": "39"
    },
    "298": {
        "User_Id": "298",
        "Location": "Bogor, Jawa Barat",
        "Age": "38"
    },
    "299": {
        "User_Id": "299",
        "Location": "Sragen, Jawa Tengah",
        "Age": "27"
    },
    "300": {
        "User_Id": "300",
        "Location": "Ponorogo, Jawa Timur",
        "Age": "26"
    }
}