User_Id,Place_Id,Place_Ratings
1,42,3
1,22,2
1,1,5
1,15,3
1,40,4
1,25,2
1,23,5
1,6,4
1,18,2
1,48,5
1,26,3
1,45,5
1,24,3
1,36,5
1,16,5
1,9,4
1,38,4
1,46,3
1,10,3
1,45,2
1,39,3
1,31,3
1,2,4
1,16,5
1,14,2
1,3,2
1,16,4
1,39,2
1,23,2
1,35,2
2,30,2
2,41,5
2,1,4
2,20,3
2,17,4
2,1,3
2,28,5
2,8,2
2,8,2
2,35,2
2,13,3
2,28,2
2,46,5
2,15,2
2,19,3
2,24,5
2,7,5
2,1,4
2,17,3
2,31,2
2,16,2
2,27,5
2,21,4
2,16,2
2,5,2
2,21,2
2,13,5
2,26,3
2,8,3
3,20,5
3,11,5
3,28,5
3,15,3
3,18,3
3,9,5
3,35,2
3,14,3
3,31,3
3,7,2
3,5,2
3,22,2
3,45,3
3,15,4
3,17,2
3,14,4
3,18,5
3,42,3
3,12,4
3,20,2
3,34,2
3,8,2
3,6,3
3,4,4
3,14,5
3,10,3
3,28,3
3,21,3
3,17,4
3,34,5
4,40,2
4,45,2
4,5,4
4,44,4
4,17,3
4,29,5
4,37,3
4,43,3
4,38,4
4,43,3
4,34,5
4,44,4
4,39,3
4,18,5
4,27,3
4,8,2
4,19,5
4,12,3
4,11,2
4,37,2
4,17,3
4,21,5
4,31,5
4,6,5
4,48,2
4,34,2
5,44,4
5,24,2
5,4,5
5,20,2
5,28,4
5,40,3
5,46,5
5,15,5
5,39,4
5,38,5
5,35,3
5,18,5
5,30,3
5,13,3
5,17,3
5,46,2
5,1,5
5,48,2
5,46,3
5,1,2
5,45,4
5,41,2
5,29,4
5,11,2
5,30,4
5,2,4
5,38,3
5,4,3
5,49,4
5,14,2
5,2,3
5,28,3
5,31,3
6,46,4
6,29,2
6,32,2
6,41,2
6,3,3
6,42,3
6,36,2
6,33,5
6,31,4
6,47,5
6,31,2
6,6,5
6,13,5
6,46,5
6,21,2
6,32,4
6,17,4
6,19,5
6,15,5
6,20,5
6,23,2
6,40,2
6,34,4
6,2,3
6,16,2
6,39,5
6,43,4
6,8,2
7,21,5
7,23,3
7,35,3
7,17,3
7,20,5
7,3,5
7,47,4
7,31,5
7,44,4
7,47,4
7,34,3
7,49,3
7,28,5
7,30,4
7,1,4
7,4,3
7,16,2
7,10,5
7,8,4
7,39,4
7,6,3
7,30,4
7,15,4
7,34,5
7,20,5
7,1,2
7,24,3
8,3,5
8,20,3
8,26,2
8,10,5
8,6,4
8,14,5
8,13,4
8,2,2
8,24,3
8,29,2
8,41,5
8,24,5
8,31,3
8,33,4
8,2,5
8,26,3
8,23,5
8,18,2
8,27,3
8,40,5
8,33,2
8,11,5
8,14,4
8,42,3
8,20,2
8,34,3
8,27,3
8,45,4
9,2,3
9,32,4
9,25,4
9,17,4
9,6,3
9,8,5
9,25,3
9,31,2
9,31,4
9,49,4
9,27,4
9,39,3
9,45,3
9,30,5
9,15,3
9,42,3
9,9,3
9,43,4
9,4,4
9,27,4
9,18,4
9,30,3
9,4,5
9,44,4
9,29,5
9,1,4
9,42,5
9,16,2
9,21,5
9,19,2
9,1,5
9,41,2
9,48,5
10,22,3
10,39,4
10,18,5
10,32,2
10,41,5
10,4,4
10,42,4
10,13,5
10,47,3
10,4,5
10,1,3
10,13,5
10,8,5
10,38,4
10,6,5
10,46,5
10,33,3
10,48,3
10,49,3
10,22,3
10,20,4
10,9,3
10,21,3
10,19,2
10,8,2
10,43,2
10,35,5
10,16,4
11,30,2
11,1,2
11,32,3
11,49,3
11,18,3
11,32,5
11,26,5
11,1,2
11,9,4
11,28,2
11,35,4
11,38,3
11,11,4
11,15,2
11,24,4
11,9,4
11,28,4
11,12,3
11,10,2
11,39,5
11,43,2
11,12,5
11,32,2
11,40,3
11,2,3
11,4,2
11,31,5
11,27,2
12,43,3
12,35,3
12,47,2
12,25,3
12,32,5
12,8,5
12,30,5
12,11,4
12,8,4
12,18,5
12,21,5
12,13,4
12,37,5
12,39,4
12,9,2
12,48,5
12,39,4
12,3,4
12,21,5
12,38,2
12,27,5
12,5,5
12,48,5
12,44,3
12,46,5
12,24,5
12,7,3
12,43,3
12,34,5
12,32,2
12,27,5
12,13,4
12,12,3
12,36,2
13,6,2
13,44,2
13,11,2
13,21,5
13,39,4
13,38,5
13,13,2
13,18,5
13,43,2
13,2,5
13,36,4
13,11,4
13,45,5
13,47,2
13,20,2
13,34,3
13,47,2
13,43,5
13,44,2
13,31,2
13,3,4
13,3,3
13,44,2
13,38,5
13,21,4
14,35,5
14,7,3
14,2,4
14,4,2
14,18,4
14,10,2
14,33,4
14,4,5
14,16,5
14,48,3
14,35,2
14,44,3
14,48,2
14,42,5
14,22,2
14,14,3
14,13,5
14,25,2
14,21,2
14,20,4
14,41,3
14,5,2
14,48,5
14,24,5
14,23,4
14,12,2
14,41,3
14,18,4
14,10,4
14,5,5
14,7,5
14,13,4
14,41,3
15,9,3
15,19,3
15,33,5
15,10,5
15,32,3
15,29,2
15,6,5
15,13,5
15,4,3
15,34,5
15,1,4
15,43,4
15,16,3
15,19,4
15,25,2
15,12,3
15,7,5
15,1,4
15,6,2
15,19,2
15,17,2
15,13,5
15,17,4
15,47,5
15,4,3
15,10,3
15,31,2
15,4,4
15,9,3
15,27,2
15,45,2
15,27,4
15,34,2
15,9,3
15,3,3
15,44,3
16,45,2
16,15,2
16,27,2
16,33,3
16,7,4
16,8,2
16,16,3
16,33,2
16,30,3
16,33,4
16,6,4
16,23,5
16,13,4
16,23,2
16,24,5
16,19,4
16,5,4
16,46,2
16,30,5
16,11,4
16,6,3
16,36,4
16,34,4
16,25,5
16,11,2
16,28,3
16,31,4
16,44,3
16,23,5
17,47,4
17,41,2
17,37,5
17,30,5
17,40,5
17,27,4
17,27,2
17,49,5
17,16,4
17,6,2
17,41,4
17,23,3
17,47,4
17,9,2
17,44,3
17,13,5
17,49,3
17,2,4
17,12,5
17,13,3
17,47,4
17,21,4
17,39,5
17,32,5
17,15,4
17,22,4
17,41,3
17,34,2
17,41,4
17,16,3
17,49,3
17,32,4
17,23,2
17,21,2
17,18,2
17,4,4
17,33,3
17,32,3
17,17,4
17,28,4
17,6,3
17,24,2
17,37,3
17,45,4
17,29,2
17,16,3
18,29,3
18,48,2
18,27,5
18,43,4
18,26,3
18,14,4
18,17,5
18,18,4
18,35,5
18,40,2
18,16,5
18,28,4
18,2,5
18,26,3
18,23,3
18,17,4
18,20,2
18,46,4
18,10,5
18,37,4
18,33,3
18,24,2
18,25,3
18,14,5
18,15,2
18,14,4
18,40,4
18,19,3
18,34,5
18,49,2
18,30,4
18,37,3
18,8,5
18,20,2
19,34,5
19,35,2
19,41,3
19,14,3
19,45,3
19,42,2
19,17,3
19,43,4
19,6,2
19,8,4
19,43,2
19,9,2
19,41,4
19,7,5
19,1,3
19,45,3
19,2,2
19,33,2
19,14,3
19,49,3
19,28,5
19,42,4
19,35,3
19,21,5
19,48,3
19,22,4
19,32,5
19,17,4
19,9,5
19,39,3
19,9,5
19,17,5
19,2,4
19,43,5
19,1,3
19,46,4
19,37,4
19,34,3
19,1,4
19,17,5
19,19,5
19,18,3
19,36,4
19,49,2
20,48,3
20,12,2
20,4,2
20,23,3
20,46,5
20,11,5
20,40,3
20,47,3
20,31,3
20,13,2
20,20,3
20,13,2
20,6,4
20,48,4
20,29,4
20,28,2
20,10,3
20,12,5
20,6,4
20,18,3
20,49,2
20,12,5
20,14,3
20,21,2
20,34,4
20,16,5
20,1,4
20,12,2
20,18,2
20,2,3
20,47,3
20,5,3
20,34,2
20,29,2
21,33,5
21,16,4
21,21,3
21,11,2
21,31,5
21,44,4
21,20,3
21,28,4
21,17,2
21,35,4
21,11,2
21,45,4
21,49,3
21,2,4
21,35,5
21,34,3
21,22,3
21,1,2
21,34,2
21,31,2
21,46,5
21,3,2
22,23,4
22,29,2
22,2,4
22,31,5
22,42,5
22,46,3
22,14,2
22,38,4
22,10,2
22,25,5
22,39,3
22,9,5
22,35,3
22,20,2
22,45,2
22,23,3
22,36,3
22,48,2
22,6,4
22,36,5
22,10,2
22,34,2
22,19,3
22,3,3
22,40,4
22,12,3
22,13,2
22,3,5
22,45,4
23,44,4
23,32,2
23,32,4
23,44,5
23,16,3
23,8,5
23,15,4
23,14,2
23,9,4
23,20,3
23,15,4
23,3,2
23,9,5
23,20,2
23,14,2
23,13,4
23,3,5
23,8,3
23,39,4
23,47,3
23,7,4
23,18,3
23,20,5
23,7,4
23,34,3
23,12,4
23,39,4
23,4,4
23,33,4
23,45,3
23,33,4
23,39,2
24,9,3
24,2,2
24,32,4
24,40,5
24,19,3
24,29,2
24,11,2
24,39,4
24,28,2
24,15,3
24,30,2
24,20,3
24,31,2
24,3,2
24,47,4
24,18,3
24,45,4
24,25,4
24,16,5
24,4,2
24,31,5
24,21,2
24,3,5
24,16,5
25,12,2
25,20,4
25,30,3
25,15,3
25,10,4
25,13,3
25,22,5
25,13,4
25,48,3
25,22,5
25,35,4
25,29,5
25,45,3
25,16,4
25,20,3
25,21,3
25,46,4
25,21,5
25,40,2
25,49,3
25,3,3
25,1,3
25,3,5
25,33,2
25,4,4
25,12,3
25,41,3
25,5,3
25,4,2
25,47,4
25,23,4
25,18,5
25,27,4
26,7,2
26,5,5
26,48,4
26,37,3
26,38,3
26,20,5
26,28,3
26,29,5
26,20,2
26,37,5
26,30,5
26,42,3
26,14,3
26,10,3
26,2,5
26,44,3
26,18,5
26,41,3
26,45,3
26,25,2
26,34,5
26,41,5
26,45,2
26,6,3
26,47,3
26,14,5
26,38,4
26,13,5
26,7,3
26,16,5
26,43,4
26,23,5
26,35,4
26,31,5
26,32,4
27,35,4
27,31,3
27,6,3
27,28,5
27,16,5
27,41,3
27,9,3
27,16,4
27,47,2
27,25,4
27,40,4
27,13,3
27,16,3
27,22,5
27,28,5
27,22,2
27,44,2
27,6,5
27,35,3
27,33,2
27,33,3
27,4,2
27,45,2
27,39,5
27,7,4
27,1,3
27,15,5
27,6,2
27,30,2
27,29,5
27,14,4
27,35,3
27,49,2
27,34,4
27,43,3
27,17,3
27,29,4
27,41,3
27,49,3
28,10,5
28,16,2
28,18,4
28,27,5
28,49,5
28,23,3
28,47,4
28,41,4
28,19,4
28,10,4
28,17,2
28,25,4
28,13,5
28,18,5
28,18,3
28,11,2
28,44,4
28,5,2
28,40,2
28,14,4
28,7,5
28,4,3
28,28,5
28,5,5
28,28,5
28,11,4
28,46,4
28,31,4
28,21,5
28,18,3
28,21,5
28,11,3
28,2,5
28,15,3
28,30,4
28,21,2
28,42,4
28,22,2
28,7,4
28,30,5
28,42,5
29,21,5
29,11,3
29,21,2
29,8,3
29,45,5
29,21,4
29,17,5
29,36,5
29,43,5
29,37,3
29,30,4
29,16,2
29,16,5
29,43,3
29,48,2
29,46,3
29,49,5
29,16,3
29,28,2
29,33,4
29,1,2
29,5,3
29,38,4
29,35,3
29,2,3
29,12,2
29,3,3
29,47,4
29,43,5
29,27,3
29,28,3
29,29,3
29,32,2
29,5,4
30,19,2
30,10,3
30,47,3
30,45,2
30,16,4
30,36,2
30,6,5
30,4,2
30,10,4
30,18,2
30,15,3
30,26,5
30,30,4
30,5,3
30,10,3
30,35,2
30,46,2
30,44,2
30,28,4
30,43,4
30,1,2
30,27,2
30,31,4
30,7,3
30,39,5
30,6,5
30,14,2
30,14,5
30,15,2
30,43,3
30,12,5
30,8,5
30,32,2
30,9,5
30,11,4
31,37,5
31,19,4
31,25,4
31,30,5
31,5,2
31,20,2
31,7,5
31,31,3
31,13,5
31,25,2
31,1,2
31,39,3
31,17,3
31,38,3
31,17,5
31,47,3
31,37,4
31,12,2
31,14,2
31,11,2
31,38,5
31,11,5
31,12,2
31,17,2
31,47,2
31,18,3
31,6,4
31,48,2
31,26,3
31,28,2
31,7,5
31,4,3
31,34,4
31,43,3
31,6,2
31,2,2
31,12,5
31,10,3
31,39,4
31,20,2
31,15,4
32,17,4
32,8,3
32,20,3
32,20,3
32,39,2
32,38,3
32,31,5
32,47,2
32,31,3
32,19,3
32,7,5
32,20,4
32,48,3
32,24,4
32,32,2
32,4,5
32,33,3
32,25,2
32,4,5
32,7,3
32,2,4
32,35,2
32,31,5
32,35,3
32,11,3
32,8,4
32,16,4
32,10,5
32,9,3
32,13,2
32,24,3
32,2,2
32,41,3
32,36,4
33,18,2
33,25,4
33,43,5
33,14,3
33,19,2
33,21,4
33,40,4
33,26,3
33,35,5
33,28,4
33,23,2
33,46,2
33,25,3
33,33,5
33,47,3
33,6,2
33,15,3
33,13,5
33,31,2
33,23,2
33,30,3
33,7,2
33,45,4
33,36,5
33,32,2
33,2,5
33,29,4
33,3,2
33,9,3
33,3,5
33,17,3
33,38,2
33,15,4
33,36,3
33,19,2
33,25,5
33,21,4
33,1,3
33,31,2
34,28,5
34,17,3
34,28,3
34,43,4
34,18,3
34,11,4
34,31,3
34,22,2
34,29,3
34,34,3
34,36,4
34,32,4
34,2,3
34,1,4
34,35,3
34,31,4
34,17,2
34,35,3
34,24,3
34,27,3
34,8,4
34,14,5
34,4,4
34,42,4
34,24,5
35,9,5
35,49,3
35,8,4
35,24,3
35,31,2
35,12,2
35,32,2
35,45,3
35,49,3
35,14,2
35,21,2
35,18,5
35,32,4
35,20,4
35,17,5
35,32,2
35,19,2
35,9,2
35,10,4
35,15,3
35,15,2
35,21,5
35,3,4
35,32,3
35,31,4
35,37,2
35,13,4
35,1,2
35,43,2
35,39,4
35,10,5
36,49,4
36,12,4
36,40,3
36,48,4
36,27,5
36,49,3
36,43,2
36,3,5
36,28,2
36,34,2
36,14,2
36,22,2
36,39,5
36,9,2
36,39,3
36,10,5
36,4,4
36,14,3
36,32,4
36,36,3
36,31,5
36,49,4
36,5,4
36,32,3
36,34,2
36,22,4
36,36,3
36,6,3
36,21,3
36,27,3
36,48,5
36,46,3
36,24,2
37,17,2
37,15,2
37,49,2
37,32,2
37,37,5
37,22,4
37,19,4
37,46,2
37,40,5
37,47,4
37,14,2
37,26,5
37,9,2
37,29,5
37,45,3
37,42,3
37,39,3
37,2,3
37,25,4
37,29,5
37,21,3
37,18,5
37,34,3
37,49,2
37,20,3
37,8,5
37,8,4
37,3,4
37,24,5
37,10,3
37,5,3
38,1,2
38,12,2
38,17,2
38,32,2
38,48,3
38,8,3
38,41,2
38,1,4
38,1,4
38,20,3
38,39,2
38,13,5
38,46,2
38,36,5
38,11,5
38,36,2
38,15,5
38,38,4
38,35,5
38,24,2
38,7,5
38,35,5
38,42,4
38,2,4
38,43,2
38,44,3
38,32,5
38,32,4
38,37,5
38,1,5
38,44,4
38,17,5
38,10,3
38,11,3
38,25,4
38,3,3
38,46,5
38,23,3
38,43,3
38,1,5
39,41,3
39,19,4
39,22,4
39,26,4
39,37,5
39,28,4
39,1,4
39,11,3
39,35,5
39,40,4
39,42,4
39,49,3
39,40,2
39,43,5
39,12,5
39,38,3
39,11,4
39,1,3
39,48,2
39,2,4
39,16,4
39,1,3
39,7,4
39,16,4
39,37,4
39,8,3
40,23,5
40,12,3
40,49,2
40,7,5
40,28,5
40,34,5
40,48,5
40,20,3
40,16,3
40,12,3
40,45,5
40,9,2
40,37,3
40,43,4
40,21,3
40,42,5
40,28,2
40,6,4
40,9,2
40,2,3
40,4,5
40,5,2
40,16,2
40,4,4
40,5,3
40,14,2
40,41,3
40,40,2
40,31,4
40,1,4
40,40,2
40,6,2
40,42,4
40,7,5
40,28,3
40,17,3
40,45,4
40,17,4
40,12,5
40,42,4
40,3,3
40,10,2
40,18,2
40,41,4
40,14,4
40,45,3
40,46,4
41,25,5
41,11,4
41,5,4
41,38,4
41,47,3
41,33,2
41,24,4
41,33,5
41,15,2
41,40,4
41,25,4
41,25,2
41,9,2
41,11,4
41,35,2
41,21,2
41,38,4
41,17,3
41,43,2
41,17,4
41,44,2
41,19,5
41,44,3
41,43,2
42,31,3
42,33,5
42,40,5
42,6,5
42,7,3
42,25,2
42,26,2
42,20,3
42,31,2
42,49,4
42,46,5
42,40,3
42,8,3
42,13,2
42,20,3
42,33,5
42,49,2
42,5,2
42,16,5
42,12,2
42,5,4
42,15,2
42,29,5
42,42,3
42,45,4
42,15,5
42,43,4
42,26,2
42,45,2
42,36,3
43,45,5
43,17,2
43,10,5
43,28,3
43,38,5
43,33,2
43,27,4
43,30,3
43,36,2
43,28,2
43,11,5
43,9,2
43,24,3
43,46,3
43,11,2
43,13,4
43,18,5
43,32,2
43,2,4
43,13,5
43,43,3
43,11,5
43,46,3
43,6,2
43,6,4
43,36,3
43,48,5
43,14,3
43,38,5
43,48,4
43,44,2
44,39,4
44,24,3
44,17,3
44,4,3
44,15,2
44,38,2
44,6,3
44,49,3
44,16,5
44,39,2
44,12,3
44,4,5
44,25,5
44,29,3
44,20,5
44,9,3
44,28,5
44,22,2
44,13,3
44,40,3
44,49,4
44,44,2
44,48,3
44,32,4
44,19,3
44,6,5
44,15,3
44,35,4
44,33,2
44,41,4
44,8,3
44,17,4
44,27,3
44,40,5
44,14,4
44,5,4
44,17,4
44,29,4
44,34,4
45,20,2
45,1,2
45,37,4
45,21,4
45,15,5
45,7,4
45,25,3
45,43,5
45,21,4
45,18,5
45,45,4
45,43,5
45,29,5
45,5,3
45,43,4
45,5,5
45,24,3
45,13,5
45,38,2
45,15,5
45,2,2
45,3,4
45,39,2
45,35,2
45,33,3
45,18,3
45,6,5
45,48,5
45,26,5
45,24,3
45,16,3
45,17,4
45,32,5
45,46,3
45,43,3
45,34,3
45,11,3
45,10,2
45,46,3
46,10,5
46,18,3
46,47,5
46,14,4
46,40,4
46,29,2
46,13,4
46,3,4
46,14,5
46,1,5
46,14,2
46,24,5
46,7,4
46,12,5
46,9,2
46,47,4
46,11,2
46,39,5
46,2,3
46,6,2
46,15,3
46,31,5
46,28,4
46,36,2
46,49,3
46,16,4
46,31,5
46,12,5
46,49,3
46,29,3
47,47,5
47,35,1
47,12,2
47,18,1
47,30,2
47,23,2
47,9,5
47,28,5
47,6,1
47,4,4
47,9,3
47,20,2
47,2,3
47,49,3
47,13,1
47,19,1
47,1,3
47,31,2
47,4,1
47,29,3
47,12,2
47,2,2
47,14,3
47,39,5
47,33,1
47,43,2
48,8,1
48,23,4
48,23,4
48,19,2
48,16,4
48,40,1
48,30,4
48,16,1
48,14,3
48,17,3
48,37,5
48,1,5
48,48,5
48,45,5
48,13,2
48,17,2
48,21,1
48,11,5
48,22,4
48,14,1
48,45,1
48,21,1
49,30,3
49,38,3
49,20,5
49,16,2
49,49,4
49,3,1
49,14,1
49,4,1
49,6,1
49,45,4
49,37,3
49,36,4
49,18,4
49,33,1
49,49,2
49,23,5
49,14,1
49,27,1
49,47,4
49,3,5
49,25,5
49,20,5
49,1,5
49,9,4
49,31,4
49,16,1
49,1,5
49,31,3
49,14,5
49,28,1
49,2,4
49,38,1
49,6,2
49,12,5
49,43,2
49,47,2
49,36,4
49,32,1
49,45,2
49,49,3
49,6,3
49,32,3
49,19,4
49,18,4
49,7,1
50,37,3
50,32,2
50,42,5
50,10,4
50,48,1
50,16,5
50,26,3
50,18,3
50,35,5
50,42,2
50,33,4
50,15,2
50,39,4
50,12,2
50,17,2
50,28,1
50,2,2
50,26,2
50,33,5
50,41,4
50,7,5
50,15,2
50,42,3
50,20,2
50,33,2
50,44,2
50,41,1
50,30,1
50,9,3
51,44,2
51,21,2
51,19,2
51,35,2
51,26,1
51,42,5
51,43,2
51,20,3
51,22,1
51,47,5
51,7,5
51,14,2
51,13,4
51,27,5
51,1,3
51,21,5
51,39,4
51,23,2
51,33,3
51,37,5
51,23,2
51,7,2
51,46,1
51,35,4
51,34,5
51,29,3
51,34,3
51,9,1
51,41,1
51,47,4
51,46,4
51,13,3
52,13,5
52,49,2
52,45,1
52,20,2
52,22,4
52,36,4
52,43,5
52,34,2
52,49,5
52,22,5
52,26,2
52,21,2
52,4,5
52,34,1
52,40,4
52,15,4
52,44,5
52,26,2
52,45,4
52,42,1
52,1,1
52,31,5
52,3,5
52,41,1
52,31,2
52,27,4
52,16,2
52,44,4
52,12,1
53,17,3
53,43,4
53,3,4
53,31,5
53,3,2
53,37,5
53,22,2
53,6,5
53,37,2
53,19,4
53,5,5
53,28,5
53,13,2
53,18,5
53,39,5
53,36,5
53,24,5
53,41,4
53,20,1
53,9,2
53,49,1
53,23,3
53,22,2
53,7,2
53,17,1
53,32,2
53,2,4
53,12,1
53,30,5
53,49,1
53,38,2
53,23,2
53,10,2
53,46,5
53,32,3
53,33,1
53,7,2
53,7,1
53,45,2
53,32,3
53,28,1
54,44,4
54,49,2
54,2,4
54,33,4
54,48,1
54,24,3
54,8,3
54,48,2
54,33,3
54,18,1
54,13,3
54,38,3
54,41,1
54,33,5
54,2,5
54,14,3
54,46,2
54,9,5
54,22,4
54,20,1
54,23,4
54,17,4
54,27,2
54,20,2
54,30,2
54,28,3
54,4,3
54,21,2
54,19,5
54,38,1
54,1,2
54,15,4
54,49,2
54,16,4
54,41,1
54,48,5
54,38,3
54,48,1
54,15,5
54,10,4
54,22,3
54,15,1
54,34,1
54,26,5
54,12,4
55,11,4
55,11,1
55,14,5
55,43,2
55,42,5
55,1,4
55,43,3
55,14,2
55,42,3
55,28,5
55,24,3
55,26,4
55,2,3
55,12,2
55,20,2
55,10,3
55,5,2
55,27,4
55,40,3
55,2,2
55,6,1
55,15,4
55,30,2
55,35,4
55,35,1
55,43,2
55,45,3
55,37,2
55,34,3
55,2,2
55,37,4
55,14,3
55,25,5
55,20,5
55,41,3
55,40,1
56,27,2
56,28,5
56,11,4
56,44,5
56,8,4
56,49,2
56,20,4
56,8,2
56,5,1
56,28,3
56,40,5
56,12,2
56,23,2
56,1,2
56,31,4
56,42,1
56,32,3
56,7,5
56,39,1
56,7,3
56,27,2
56,42,2
56,11,2
56,42,2
56,26,1
56,1,4
56,45,5
56,28,2
56,14,1
56,1,2
56,22,4
57,36,1
57,17,2
57,41,4
57,13,1
57,34,1
57,48,2
57,26,2
57,33,1
57,3,3
57,13,4
57,36,1
57,4,2
57,14,3
57,4,1
57,4,3
57,32,3
57,33,3
57,11,3
57,25,5
57,44,3
57,15,3
57,35,1
57,18,3
57,1,2
57,6,3
57,40,4
57,20,3
57,41,1
57,35,4
57,44,4
57,19,4
57,35,5
57,8,3
57,27,4
57,18,1
57,29,1
58,11,4
58,5,2
58,26,1
58,6,2
58,41,3
58,39,2
58,3,2
58,26,4
58,1,1
58,42,4
58,1,2
58,41,3
58,40,5
58,3,2
58,39,4
58,8,1
58,13,4
58,24,2
58,18,1
58,38,1
58,45,2
58,6,3
58,17,3
58,3,2
58,40,5
58,9,1
58,14,2
58,8,3
58,11,5
58,8,2
58,31,5
58,25,1
58,9,5
58,42,5
58,40,4
58,25,4
58,37,5
58,2,2
59,7,1
59,46,5
59,37,1
59,26,2
59,31,4
59,16,1
59,36,3
59,1,5
59,2,5
59,42,4
59,41,5
59,7,5
59,16,3
59,7,4
59,17,5
59,35,1
59,6,5
59,3,1
59,4,3
59,49,2
59,8,5
59,17,2
59,20,1
59,40,5
59,26,4
59,27,3
59,35,2
59,34,1
59,9,2
59,6,5
59,47,1
59,7,1
60,24,4
60,27,1
60,9,3
60,19,4
60,39,4
60,44,2
60,27,2
60,28,4
60,46,1
60,44,3
60,36,3
60,46,1
60,45,5
60,38,4
60,15,3
60,46,4
60,37,5
60,17,2
60,16,2
60,17,3
60,21,2
61,19,5
61,12,5
61,31,3
61,20,4
61,8,3
61,48,3
61,38,4
61,49,5
61,7,2
61,5,1
61,28,5
61,46,3
61,44,2
61,36,5
61,46,2
61,26,4
61,47,4
61,1,1
61,35,4
61,22,4
61,43,5
61,21,1
61,3,2
61,10,3
61,8,5
61,39,5
61,18,1
61,46,3
61,40,5
61,9,5
61,46,4
61,41,3
61,9,2
61,49,3
61,24,5
62,11,3
62,26,1
62,11,2
62,17,5
62,24,5
62,21,3
62,42,4
62,23,5
62,38,5
62,19,2
62,42,2
62,3,1
62,5,5
62,40,4
62,7,5
62,47,4
62,36,2
62,1,5
62,31,4
62,26,5
62,9,5
62,6,2
62,43,1
62,18,3
62,2,1
62,20,2
62,45,1
62,16,2
62,15,4
63,1,3
63,27,1
63,28,1
63,9,1
63,5,3
63,15,3
63,23,5
63,44,4
63,3,4
63,39,4
63,20,1
63,9,2
63,49,3
63,18,2
63,7,1
63,43,4
63,46,1
63,40,4
63,9,3
63,47,4
63,11,1
63,25,4
63,29,1
63,5,2
63,21,4
63,25,3
63,39,5
63,10,5
63,3,5
63,36,1
63,32,2
63,5,1
63,2,3
63,32,2
64,21,5
64,24,2
64,25,3
64,29,4
64,43,2
64,6,5
64,33,3
64,12,4
64,24,4
64,22,1
64,27,3
64,30,4
64,25,4
64,26,1
64,24,4
64,2,5
64,23,4
64,11,1
64,16,3
64,14,1
64,31,5
64,7,4
64,37,3
64,37,3
64,17,1
64,27,3
64,3,5
64,46,4
64,47,2
64,46,2
64,15,1
64,35,4
64,9,1
64,21,1
64,39,3
65,44,1
65,18,4
65,21,4
65,11,5
65,3,3
65,42,5
65,37,3
65,49,2
65,20,1
65,14,3
65,40,3
65,38,2
65,36,5
65,25,2
65,19,4
65,27,4
65,32,5
65,47,4
65,20,1
65,37,1
65,19,5
65,12,4
65,11,2
65,34,5
65,47,1
65,41,4
65,44,1
65,14,1
65,48,4
65,15,2
65,25,3
65,44,2
65,18,5
65,43,1
65,40,5
65,47,4
65,7,5
65,30,1
65,32,3
65,15,1
66,36,3
66,23,3
66,8,1
66,22,3
66,40,2
66,16,5
66,2,4
66,1,3
66,43,2
66,15,3
66,41,4
66,19,1
66,27,1
66,49,1
66,12,4
66,40,4
66,22,1
66,4,2
66,42,1
66,28,5
66,4,1
66,15,5
66,6,1
66,49,1
66,19,1
66,39,4
66,28,5
66,30,1
66,6,4
66,33,1
66,25,2
67,19,3
67,2,4
67,29,3
67,24,5
67,12,3
67,29,4
67,5,3
67,48,5
67,37,3
67,36,1
67,10,1
67,37,1
67,12,3
67,33,2
67,49,5
67,28,4
67,48,2
67,10,1
67,48,2
67,18,5
67,37,3
67,20,5
67,20,1
67,46,4
67,30,5
67,39,2
67,18,2
67,17,5
67,33,1
67,6,1
67,22,4
67,24,3
67,26,1
67,35,2
67,4,2
67,27,1
67,23,2
67,1,5
68,19,3
68,6,5
68,13,2
68,47,4
68,47,3
68,10,1
68,36,4
68,18,1
68,43,2
68,10,4
68,16,3
68,27,5
68,2,4
68,16,1
68,32,4
68,22,1
68,30,2
68,7,5
68,12,2
68,41,5
68,2,4
68,20,5
68,1,1
68,47,4
68,4,2
68,29,4
68,31,1
68,3,5
68,22,5
68,38,5
68,23,4
68,9,3
68,35,2
68,14,5
68,31,3
69,5,1
69,3,3
69,2,2
69,34,2
69,12,2
69,37,1
69,6,5
69,18,2
69,29,3
69,47,3
69,7,4
69,42,1
69,18,4
69,7,5
69,48,5
69,48,1
69,11,3
69,49,2
69,12,4
69,19,1
69,11,2
69,18,1
69,46,3
69,48,1
70,13,5
70,43,5
70,4,1
70,44,5
70,24,4
70,6,2
70,20,2
70,28,1
70,13,5
70,48,4
70,29,4
70,6,1
70,29,5
70,17,5
70,9,4
70,20,2
70,3,4
70,21,3
70,8,5
70,42,3
70,31,5
70,42,3
70,12,2
70,39,3
70,25,5
70,35,1
70,9,2
70,42,3
70,23,5
70,48,1
71,18,3
71,30,3
71,11,1
71,8,1
71,43,2
71,49,1
71,4,4
71,14,1
71,7,5
71,44,5
71,4,2
71,6,4
71,37,3
71,44,5
71,18,2
71,47,4
71,4,4
71,46,5
71,49,2
71,21,2
71,12,5
71,14,2
71,31,3
71,25,5
71,18,4
71,13,2
71,40,2
71,7,4
71,13,1
71,46,2
71,9,5
71,2,1
71,47,3
71,20,4
71,43,3
71,9,3
72,29,2
72,46,1
72,30,4
72,11,4
72,16,1
72,9,2
72,37,1
72,9,2
72,9,4
72,43,4
72,18,4
72,5,5
72,28,3
72,5,4
72,29,2
72,36,4
72,49,3
72,45,3
72,14,1
72,5,3
72,40,3
72,36,1
72,27,5
72,35,2
72,29,5
72,20,4
72,25,1
72,27,2
73,23,3
73,34,2
73,33,1
73,43,3
73,3,1
73,12,5
73,17,3
73,27,4
73,30,5
73,14,4
73,42,5
73,11,1
73,32,3
73,9,2
73,11,5
73,7,2
73,8,1
73,48,1
73,36,3
73,36,2
73,10,1
73,1,2
73,12,1
74,15,1
74,15,1
74,20,2
74,44,3
74,12,1
74,12,5
74,42,2
74,24,2
74,21,3
74,19,1
74,13,3
74,41,5
74,5,5
74,22,3
74,25,1
74,8,2
74,43,3
74,1,5
74,29,2
74,39,4
74,36,3
74,18,5
74,32,4
74,44,4
74,28,2
74,28,1
74,14,1
74,31,4
74,16,4
74,11,4
74,31,3
74,21,1
74,47,2
74,36,2
74,8,4
74,14,1
74,46,4
74,3,5
74,47,3
74,13,2
74,9,3
74,8,3
75,38,5
75,45,4
75,33,2
75,13,2
75,35,2
75,11,3
75,1,4
75,29,5
75,35,5
75,41,3
75,1,4
75,3,3
75,27,3
75,38,5
75,41,1
75,25,3
75,40,5
75,37,4
75,17,1
75,39,3
75,39,5
75,32,4
75,48,1
75,38,4
75,21,5
75,33,2
75,35,2
75,47,3
76,16,2
76,26,4
76,16,3
76,29,4
76,43,1
76,15,5
76,19,4
76,30,1
76,5,4
76,45,1
76,44,3
76,26,5
76,39,3
76,26,3
76,38,2
76,41,5
76,18,3
76,17,2
76,28,1
76,34,2
76,26,3
76,18,2
76,17,3
76,13,4
76,49,4
76,30,1
76,33,2
76,6,1
76,5,4
76,28,3
76,26,4
76,49,1
76,28,1
76,28,1
76,49,2
77,3,5
77,15,5
77,32,3
77,5,2
77,22,3
77,6,1
77,19,5
77,32,3
77,33,3
77,30,2
77,36,3
77,15,5
77,8,3
77,7,3
77,42,5
77,4,1
77,16,3
77,34,4
77,32,1
77,34,2
77,21,5
77,10,4
77,8,1
77,43,1
77,20,2
77,7,3
77,40,4
77,14,3
77,5,3
77,6,5
78,15,4
78,2,4
78,34,5
78,16,4
78,22,5
78,29,5
78,21,3
78,34,1
78,10,1
78,1,3
78,9,5
78,24,4
78,18,3
78,41,1
78,12,5
78,27,2
78,36,2
78,42,5
78,22,4
78,24,4
78,16,4
78,13,1
78,8,5
78,33,4
78,1,2
78,36,4
78,2,2
78,37,5
78,11,4
78,12,3
78,12,3
78,48,5
78,3,4
78,43,3
78,9,3
78,4,3
78,40,4
79,30,1
79,35,3
79,25,5
79,11,3
79,5,3
79,3,3
79,21,4
79,27,3
79,40,5
79,44,4
79,27,2
79,25,2
79,48,5
79,27,2
79,7,4
79,13,2
79,49,1
79,12,1
79,39,5
79,17,1
79,21,5
79,19,3
79,23,2
79,8,4
79,45,1
79,11,5
79,48,2
79,48,2
79,30,2
79,42,3
79,32,3
79,23,3
79,24,3
79,25,1
80,3,4
80,27,5
80,39,3
80,24,3
80,38,2
80,13,2
80,30,2
80,16,2
80,40,1
80,15,2
80,1,2
80,19,3
80,27,1
80,46,2
80,2,2
80,5,1
80,12,2
80,15,5
80,29,4
80,43,5
80,28,4
80,5,3
80,17,1
80,1,5
80,37,3
80,19,1
80,24,2
80,13,1
80,41,1
80,40,3
80,47,1
80,35,2
80,10,3
81,1,2
81,34,4
81,18,3
81,10,3
81,18,1
81,25,4
81,46,1
81,49,3
81,38,2
81,12,1
81,25,2
81,40,4
81,44,3
81,20,2
81,7,1
81,25,3
81,30,5
81,35,2
81,9,1
81,21,2
81,4,3
81,4,5
81,42,1
82,43,2
82,6,3
82,43,1
82,4,5
82,20,2
82,25,5
82,4,5
82,16,1
82,31,2
82,26,4
82,34,4
82,32,2
82,15,4
82,46,1
82,7,4
82,43,5
82,41,1
82,22,4
82,25,2
82,19,5
82,1,5
82,45,1
82,44,5
82,15,2
83,10,1
83,18,2
83,29,2
83,47,4
83,25,4
83,29,4
83,41,5
83,24,1
83,20,3
83,40,2
83,23,5
83,2,3
83,12,2
83,17,4
83,25,3
83,25,1
83,46,5
83,14,4
83,10,1
83,4,1
83,7,2
83,48,3
83,17,3
83,13,1
83,30,4
83,26,1
83,4,1
83,47,4
83,15,5
83,19,4
83,18,4
83,18,5
84,42,1
84,39,1
84,31,5
84,46,3
84,5,1
84,1,5
84,34,3
84,34,4
84,32,5
84,29,2
84,8,3
84,19,4
84,18,1
84,9,4
84,43,2
84,21,2
84,23,2
84,5,5
84,29,4
84,38,4
84,39,5
84,10,4
84,45,5
84,43,4
84,1,5
84,37,4
84,46,3
84,43,1
84,12,4
84,34,1
84,29,1
84,27,4
84,22,4
84,31,4
84,27,3
84,1,3
85,15,3
85,41,5
85,30,1
85,9,4
85,24,3
85,27,1
85,9,1
85,8,1
85,18,1
85,10,3
85,18,3
85,23,4
85,30,4
85,15,1
85,4,5
85,31,4
85,44,1
85,34,2
85,27,3
85,36,4
85,13,2
85,10,5
85,11,2
85,3,1
85,23,1
85,34,2
85,28,5
85,44,1
85,10,5
86,32,5
86,37,1
86,25,4
86,36,1
86,15,5
86,37,3
86,35,4
86,40,5
86,19,3
86,16,3
86,33,3
86,3,4
86,24,2
86,28,3
86,32,2
86,23,5
86,28,5
86,48,4
86,7,1
86,15,1
86,13,5
86,33,1
86,16,3
86,41,4
86,1,3
86,46,3
86,6,1
86,21,5
86,13,2
86,9,1
86,27,3
86,19,5
86,15,1
86,20,2
86,23,4
86,29,2
86,21,4
86,1,1
86,16,5
86,40,3
86,21,1
86,19,4
87,48,3
87,30,1
87,40,5
87,3,4
87,2,4
87,20,4
87,25,5
87,19,2
87,44,2
87,37,4
87,39,4
87,13,4
87,38,1
87,27,4
87,20,2
87,28,3
87,43,1
87,4,1
87,17,2
87,27,3
87,45,3
87,29,5
87,40,4
87,3,4
87,37,2
87,48,3
87,1,4
87,22,3
87,40,3
87,37,5
87,28,1
87,17,1
88,17,1
88,40,3
88,47,1
88,10,2
88,32,2
88,27,1
88,3,4
88,4,2
88,20,3
88,22,2
88,7,3
88,43,5
88,42,3
88,16,2
88,34,1
88,13,1
88,19,1
88,8,1
88,17,3
88,25,4
88,49,2
88,42,1
88,11,3
88,15,2
88,15,1
88,22,1
88,27,3
89,37,4
89,7,4
89,38,2
89,21,4
89,20,3
89,7,5
89,32,3
89,37,4
89,9,3
89,35,1
89,42,1
89,4,1
89,9,4
89,15,3
89,42,2
89,24,3
89,26,2
89,29,2
89,39,5
89,23,1
89,25,2
89,5,1
89,35,3
89,6,4
89,17,5
89,28,3
89,42,5
90,37,2
90,24,1
90,1,2
90,49,3
90,18,4
90,2,5
90,9,3
90,29,5
90,38,2
90,11,4
90,19,4
90,10,2
90,23,4
90,48,3
90,4,1
90,16,1
90,5,3
90,15,4
90,14,1
90,38,2
90,46,2
90,2,3
90,47,2
90,8,3
90,39,1
90,45,3
90,25,2
90,6,1
90,24,3
90,44,3
90,20,2
91,15,4
91,24,2
91,39,5
91,11,5
91,28,3
91,18,5
91,48,1
91,31,4
91,42,4
91,41,5
91,15,1
91,12,3
91,15,3
91,49,5
91,39,2
91,44,1
91,39,4
91,6,3
91,26,1
91,8,3
91,49,2
91,33,1
91,30,4
91,1,5
91,46,4
91,40,2
91,16,1
91,33,1
91,41,1
91,41,5
91,37,2
91,45,4
91,25,2
91,35,4
91,11,2
91,35,2
91,6,1
91,43,2
91,10,5
91,42,5
91,4,5
91,12,2
92,21,5
92,42,4
92,26,5
92,4,4
92,43,3
92,27,1
92,41,3
92,36,4
92,29,5
92,8,2
92,2,3
92,17,4
92,3,4
92,46,3
92,30,5
92,23,4
92,9,3
92,25,5
92,7,3
92,29,3
92,12,1
92,28,5
92,19,1
92,43,4
92,14,5
92,35,5
92,1,4
92,22,5
92,41,3
92,30,4
92,49,5
92,47,1
92,14,1
92,21,3
92,35,2
92,19,1
92,15,3
92,40,5
93,3,3
93,15,3
93,31,2
93,15,4
93,44,2
93,13,2
93,31,2
93,1,5
93,10,4
93,43,4
93,6,5
93,29,5
93,26,5
93,3,2
93,14,1
93,37,4
93,28,1
93,9,4
93,42,5
93,19,3
93,28,4
93,35,5
93,18,2
93,45,5
93,14,5
93,11,1
93,4,2
93,26,1
93,21,5
93,23,3
93,19,1
93,6,3
93,23,2
93,29,3
93,30,5
93,8,2
93,23,1
93,6,4
94,31,3
94,28,1
94,20,2
94,46,1
94,25,2
94,32,3
94,21,2
94,32,3
94,14,2
94,42,2
94,12,3
94,8,5
94,10,1
94,44,5
94,17,4
94,23,4
94,25,3
94,2,3
94,29,3
94,32,5
94,38,2
94,10,5
94,13,4
94,26,3
94,2,1
94,9,5
94,1,2
94,13,2
94,31,4
94,41,2
94,44,2
94,1,3
94,17,5
94,7,1
94,22,4
94,30,5
94,26,4
95,16,3
95,22,4
95,47,5
95,15,2
95,28,3
95,35,4
95,25,4
95,30,3
95,2,2
95,16,5
95,14,5
95,44,3
95,3,3
95,9,4
95,49,2
95,25,1
95,44,5
95,40,4
95,6,1
95,5,4
95,24,2
95,15,3
95,33,4
95,23,4
95,31,3
95,24,4
95,34,3
95,34,3
96,22,4
96,35,3
96,12,2
96,29,5
96,44,3
96,5,1
96,22,1
96,4,3
96,12,2
96,37,1
96,23,1
96,15,5
96,12,1
96,47,1
96,17,2
96,7,2
96,26,3
96,4,3
96,7,5
96,8,3
96,21,2
96,31,2
96,4,3
96,13,4
96,43,4
96,46,1
96,28,5
96,44,2
96,6,3
96,49,5
96,21,4
96,12,2
96,16,3
96,47,4
97,24,3
97,22,5
97,8,1
97,8,1
97,9,1
97,28,4
97,1,4
97,15,4
97,6,1
97,6,3
97,24,5
97,39,3
97,18,4
97,24,2
97,35,3
97,19,4
97,45,2
97,34,3
97,3,1
97,48,3
97,23,5
97,17,5
97,46,4
97,16,4
97,27,5
97,22,4
97,46,2
97,39,4
97,14,3
97,28,2
97,24,2
97,3,2
97,46,2
97,13,4
97,49,5
97,26,2
97,10,4
97,36,4
97,25,2
97,2,2
97,36,2
98,39,2
98,38,3
98,2,2
98,28,3
98,37,5
98,38,1
98,35,5
98,36,2
98,23,4
98,34,3
98,11,2
98,7,2
98,43,1
98,7,4
98,18,2
98,17,2
98,21,3
98,3,2
98,43,3
98,37,2
98,48,5
98,1,3
98,6,1
98,35,2
98,39,4
98,17,4
98,29,5
98,21,2
98,19,5
98,32,3
98,7,5
98,15,4
99,25,4
99,20,4
99,29,5
99,23,1
99,33,3
99,31,3
99,40,4
99,6,1
99,18,1
99,22,2
99,32,1
99,34,5
99,7,3
99,16,5
99,19,5
99,45,4
99,39,4
99,49,4
99,40,5
99,17,4
99,44,5
99,1,3
99,13,4
99,46,4
99,40,4
99,19,2
99,42,2
99,23,4
99,44,5
99,8,1
99,23,3
99,9,1
99,22,4
99,9,2
99,5,4
99,24,1
99,32,3
99,35,5
99,29,4
99,25,5
99,5,3
99,9,2
99,34,5
100,15,2
100,20,3
100,17,1
100,16,3
100,3,3
100,24,3
100,17,1
100,22,5
100,39,5
100,31,2
100,14,3
100,7,1
100,36,5
100,31,5
100,36,2
100,29,2
100,32,3
100,39,5
100,47,2
100,41,1
100,45,1
100,7,1
100,17,4
100,30,2
100,21,3
100,49,2
100,30,2
100,4,5
100,40,1
101,3,2
101,18,3
101,43,3
101,13,3
101,29,2
101,45,3
101,33,1
101,16,3
101,33,1
101,23,3
101,8,3
101,3,1
101,28,5
101,32,1
101,49,4
101,42,5
101,8,5
101,47,3
101,39,4
101,22,3
101,18,5
101,45,3
101,4,1
101,18,3
101,10,3
101,14,4
101,9,3
102,46,2
102,41,2
102,19,3
102,4,5
102,34,5
102,36,2
102,37,3
102,35,2
102,35,3
102,35,1
102,32,5
102,29,2
102,19,2
102,5,5
102,19,2
102,39,5
102,30,1
102,38,1
102,32,5
102,1,2
102,19,3
102,45,3
102,19,5
102,10,4
102,37,1
102,15,3
102,7,3
102,43,3
102,20,1
102,14,1
102,37,1
102,45,2
102,13,3
102,46,3
102,46,2
103,34,5
103,38,3
103,24,1
103,44,5
103,29,1
103,18,2
103,28,5
103,14,5
103,25,3
103,27,1
103,29,1
103,37,4
103,34,3
103,28,4
103,37,5
103,47,1
103,47,2
103,3,1
103,3,3
103,43,1
103,25,2
103,43,2
103,40,5
103,44,1
103,19,4
103,21,2
103,26,5
103,4,2
103,13,1
103,26,4
103,42,4
103,5,3
103,43,3
104,6,2
104,40,2
104,34,3
104,46,4
104,35,4
104,7,2
104,7,4
104,6,1
104,33,4
104,5,2
104,5,3
104,37,3
104,37,1
104,10,5
104,16,4
104,14,2
104,36,2
104,27,2
104,18,1
104,7,4
104,4,2
104,8,3
104,4,5
104,24,1
104,1,5
104,2,1
104,44,3
104,12,3
104,38,3
104,29,3
104,19,3
104,6,5
104,6,4
105,13,1
105,27,1
105,26,2
105,41,5
105,30,3
105,36,5
105,38,1
105,13,2
105,16,4
105,33,4
105,19,5
105,9,2
105,10,4
105,35,4
105,22,1
105,12,5
105,31,4
105,46,1
105,14,3
105,49,3
105,9,4
105,41,3
105,42,5
105,37,4
105,8,2
105,46,1
105,34,5
105,29,5
105,5,3
105,28,2
105,29,3
105,43,5
105,43,5
105,42,5
105,28,2
105,5,5
105,24,5
105,38,5
105,7,5
105,17,1
105,12,4
105,34,4
105,36,3
106,38,2
106,43,5
106,7,1
106,44,5
106,36,2
106,40,5
106,15,3
106,48,3
106,27,5
106,49,2
106,23,4
106,14,2
106,23,1
106,36,2
106,45,1
106,12,2
106,26,4
106,27,2
106,5,1
106,31,5
106,34,4
106,12,1
106,12,2
106,22,3
106,29,5
106,23,2
106,7,1
106,28,3
106,21,4
106,39,5
106,45,2
106,16,3
106,25,5
106,7,4
107,26,3
107,19,5
107,23,3
107,30,2
107,34,4
107,19,3
107,48,4
107,28,2
107,38,2
107,44,4
107,15,2
107,32,2
107,4,4
107,26,3
107,21,2
107,1,1
107,28,5
107,41,2
107,2,5
107,26,3
107,46,3
107,2,4
107,48,1
107,24,2
107,2,4
107,33,2
107,10,2
107,40,3
107,32,5
107,19,2
107,49,1
107,9,2
107,46,4
107,1,5
107,11,5
107,5,4
107,38,4
107,11,1
107,23,1
107,41,3
108,36,4
108,28,2
108,11,4
108,41,5
108,25,1
108,25,5
108,46,3
108,15,5
108,17,4
108,41,1
108,40,5
108,4,1
108,43,5
108,14,3
108,39,1
108,43,4
108,26,3
108,5,2
108,28,2
108,36,4
108,12,2
108,25,3
108,6,2
108,45,3
108,37,3
108,48,3
108,21,5
108,9,1
108,28,2
108,38,5
108,20,5
108,33,4
108,29,2
108,17,5
108,47,3
109,3,3
109,44,5
109,44,1
109,13,2
109,47,5
109,33,5
109,7,3
109,30,2
109,25,3
109,45,5
109,31,5
109,15,2
109,9,3
109,3,2
109,6,3
109,29,4
109,18,5
109,49,4
109,49,1
109,45,4
109,5,5
109,20,3
109,3,1
109,38,2
109,38,4
109,44,5
109,30,1
110,40,4
110,40,1
110,8,3
110,5,2
110,47,1
110,17,2
110,36,4
110,15,3
110,4,1
110,33,4
110,32,4
110,9,2
110,40,3
110,37,4
110,45,5
110,32,3
110,17,3
110,27,2
110,37,4
110,39,4
110,31,3
110,32,5
110,22,1
110,36,2
110,41,1
110,47,3
110,37,2
110,34,4
111,4,1
111,27,3
111,2,4
111,36,3
111,20,5
111,37,5
111,18,1
111,32,1
111,9,4
111,5,4
111,26,3
111,16,1
111,36,3
111,38,3
111,19,5
111,44,4
111,28,5
111,5,4
111,24,4
111,27,5
111,22,3
111,48,3
111,36,5
111,24,4
111,28,2
111,7,4
111,4,2
112,42,1
112,36,5
112,18,3
112,28,4
112,38,4
112,9,1
112,3,4
112,35,4
112,21,3
112,39,2
112,46,2
112,31,4
112,48,4
112,13,5
112,30,1
112,35,5
112,24,4
112,11,1
112,24,3
112,12,1
112,31,2
112,34,2
112,33,2
112,49,3
112,29,2
112,4,4
112,9,5
112,25,1
112,1,1
112,1,5
113,24,4
113,2,3
113,49,5
113,3,3
113,36,3
113,32,1
113,17,1
113,40,4
113,34,2
113,15,5
113,11,2
113,32,2
113,8,3
113,26,5
113,21,4
113,7,2
113,8,4
113,26,5
113,48,1
113,28,2
113,1,1
113,15,4
113,14,2
113,9,5
113,34,4
113,18,1
113,19,5
113,17,2
113,27,1
113,6,5
113,47,1
113,1,5
113,44,4
113,11,5
113,6,4
114,12,2
114,45,2
114,12,3
114,48,3
114,32,2
114,15,4
114,41,4
114,14,2
114,46,4
114,46,2
114,30,5
114,12,2
114,34,1
114,24,3
114,23,5
114,1,1
114,47,3
114,25,2
114,46,2
114,39,5
114,9,2
114,24,5
114,12,4
114,28,5
114,6,1
114,9,2
114,43,5
114,42,3
114,43,3
114,41,4
114,20,2
114,7,3
114,6,5
115,42,4
115,45,3
115,43,5
115,10,3
115,22,4
115,4,2
115,11,3
115,26,4
115,40,4
115,12,3
115,10,3
115,42,3
115,49,3
115,41,4
115,7,4
115,48,5
115,27,5
115,9,2
115,19,5
115,40,5
115,34,3
115,24,5
115,24,1
115,6,3
115,25,4
116,36,3
116,6,4
116,46,3
116,20,1
116,44,3
116,35,4
116,32,3
116,6,1
116,40,4
116,33,4
116,13,2
116,8,2
116,24,3
116,27,2
116,41,3
116,19,2
116,25,5
116,4,1
116,1,3
116,14,1
116,14,2
116,3,5
116,11,2
116,21,2
116,28,4
116,15,3
116,22,1
116,42,4
116,47,5
116,2,3
116,33,1
116,49,1
116,31,3
116,27,3
116,33,2
116,30,3
116,27,2
116,47,2
116,19,1
117,19,2
117,48,2
117,43,4
117,45,4
117,6,5
117,28,2
117,46,3
117,21,2
117,13,2
117,35,3
117,25,2
117,26,4
117,33,3
117,7,4
117,46,4
117,48,1
117,48,5
117,13,4
117,37,5
117,9,3
117,6,1
117,26,1
117,38,5
117,20,5
117,4,2
117,47,1
117,27,4
117,36,4
117,49,3
117,24,1
117,13,4
117,33,5
117,33,4
117,15,5
117,18,1
117,15,1
118,45,5
118,26,2
118,4,2
118,11,4
118,29,2
118,49,4
118,35,4
118,16,5
118,21,2
118,44,3
118,11,2
118,3,1
118,45,5
118,26,2
118,6,3
118,27,5
118,3,4
118,39,4
118,26,4
118,23,1
118,17,2
118,29,4
118,42,2
118,32,1
118,44,5
118,39,4
118,30,3
118,29,2
118,13,4
118,8,4
118,25,5
118,40,2
118,20,4
118,29,1
119,22,3
119,41,1
119,21,3
119,1,2
119,24,4
119,5,1
119,27,2
119,8,5
119,11,3
119,22,3
119,47,4
119,46,4
119,1,2
119,46,3
119,42,3
119,39,1
119,4,1
119,42,2
119,26,2
119,31,4
119,9,2
119,27,1
119,26,4
119,47,5
119,36,1
119,16,4
119,18,1
120,29,5
120,22,5
120,47,3
120,25,5
120,46,4
120,6,5
120,22,3
120,17,5
120,17,4
120,40,1
120,36,1
120,33,3
120,8,3
120,26,4
120,45,5
120,47,4
120,48,3
120,20,5
120,38,2
120,40,3
120,40,5
120,19,1
120,41,2
120,5,4
120,32,2
120,34,1
120,36,1
120,7,2
120,48,3
120,31,2
120,42,2
120,27,1
120,43,5
121,44,2
121,25,3
121,16,3
121,3,1
121,14,3
121,28,2
121,13,3
121,42,3
121,15,5
121,2,3
121,27,4
121,39,3
121,45,5
121,33,2
121,46,4
121,7,1
121,49,2
121,1,1
121,8,5
121,3,3
121,1,1
121,47,1
121,34,4
121,27,4
121,10,5
121,38,3
121,13,3
121,39,3
121,47,3
122,39,4
122,22,4
122,27,4
122,14,2
122,42,2
122,49,4
122,22,2
122,39,3
122,46,2
122,32,2
122,38,1
122,30,4
122,3,5
122,29,4
122,46,3
122,17,1
122,32,1
122,27,4
122,23,3
122,37,1
122,3,3
122,28,4
122,7,1
122,27,4
122,19,5
122,17,2
122,47,5
122,29,1
122,4,5
122,49,5
122,42,4
123,2,1
123,36,1
123,2,1
123,27,2
123,2,4
123,23,2
123,28,1
123,41,5
123,25,1
123,16,5
123,46,4
123,40,1
123,30,1
123,10,1
123,44,1
123,49,1
123,10,2
123,7,4
123,5,1
123,22,2
123,39,4
123,14,5
123,37,1
123,43,1
123,2,3
123,32,1
123,12,1
123,49,3
123,7,1
123,42,2
123,42,2
123,31,4
123,2,2
123,33,3
124,48,3
124,33,1
124,7,5
124,15,4
124,5,3
124,14,2
124,15,3
124,41,3
124,8,2
124,14,5
124,48,1
124,46,4
124,13,4
124,17,5
124,4,1
124,18,2
124,1,2
124,12,2
124,44,1
124,27,2
124,46,4
124,23,2
124,47,5
124,39,2
124,42,4
124,41,3
124,28,3
124,25,2
124,19,1
124,4,5
124,35,3
124,19,1
124,13,5
124,45,3
124,45,5
124,37,2
124,18,2
124,26,2
124,26,5
125,17,3
125,10,4
125,10,5
125,20,3
125,46,1
125,46,4
125,35,1
125,37,1
125,3,1
125,2,5
125,8,1
125,44,3
125,32,1
125,8,5
125,15,4
125,40,5
125,8,5
125,37,5
125,31,2
125,30,4
125,35,1
125,24,3
125,19,4
125,45,1
125,11,2
125,12,2
125,46,1
125,25,1
125,43,5
125,49,2
125,30,3
125,8,5
126,33,2
126,40,4
126,8,1
126,22,1
126,42,4
126,26,3
126,4,5
126,31,2
126,32,5
126,3,5
126,28,2
126,14,1
126,5,4
126,7,4
126,33,1
126,25,5
126,23,4
126,30,3
126,15,2
126,41,4
126,39,1
126,25,5
126,5,5
126,33,5
126,4,4
126,31,5
126,22,4
126,1,1
126,32,5
126,41,4
126,29,2
126,30,2
126,2,3
126,9,2
126,6,1
126,40,5
126,18,5
126,33,4
126,22,5
126,37,1
126,13,3
127,34,2
127,18,4
127,46,1
127,26,2
127,13,2
127,45,3
127,38,4
127,19,4
127,42,4
127,49,4
127,49,4
127,27,3
127,37,2
127,29,4
127,45,1
127,40,1
127,6,3
127,10,2
127,15,3
127,3,5
127,31,1
127,27,1
127,22,4
127,24,5
127,6,2
127,24,4
127,3,3
127,33,2
127,34,3
127,36,4
127,40,2
127,23,4
127,39,5
127,3,3
128,4,1
128,8,1
128,41,5
128,17,3
128,24,2
128,35,5
128,25,1
128,27,3
128,36,5
128,46,4
128,45,4
128,15,3
128,5,4
128,26,4
128,33,3
128,37,3
128,44,4
128,35,4
128,9,5
128,34,5
128,17,1
128,23,2
128,5,1
128,19,1
128,37,2
128,25,2
128,40,2
128,11,4
128,16,4
128,40,1
128,44,4
128,32,4
128,46,2
129,33,3
129,33,5
129,45,4
129,3,1
129,8,4
129,5,3
129,9,2
129,37,2
129,5,2
129,39,3
129,31,2
129,30,4
129,45,5
129,19,4
129,9,5
129,30,2
129,15,4
129,13,2
129,18,3
129,29,5
129,11,5
129,28,5
129,13,5
129,9,5
129,14,2
129,35,4
129,34,2
129,19,2
129,1,3
129,45,2
129,28,3
129,14,5
130,5,1
130,19,5
130,49,5
130,18,2
130,27,2
130,19,4
130,6,5
130,36,4
130,8,2
130,11,2
130,14,4
130,11,3
130,19,5
130,40,3
130,12,5
130,32,2
130,17,5
130,49,4
130,9,5
130,18,2
130,42,1
130,28,5
130,16,5
130,43,4
130,39,3
130,29,3
130,44,2
130,14,4
131,7,4
131,25,5
131,21,4
131,22,4
131,29,2
131,14,5
131,1,4
131,49,2
131,10,3
131,35,1
131,19,1
131,9,2
131,49,2
131,41,2
131,48,5
131,42,4
131,46,4
131,28,2
131,28,4
131,24,1
131,26,4
131,4,2
131,21,2
131,21,4
131,39,2
131,37,2
131,6,4
131,33,2
131,25,1
131,46,1
131,15,4
131,39,1
131,24,1
131,15,3
131,6,4
131,15,5
131,26,1
131,5,1
131,23,3
132,2,5
132,32,3
132,40,5
132,24,3
132,45,3
132,30,4
132,5,3
132,14,2
132,28,1
132,10,1
132,24,4
132,17,3
132,42,3
132,6,1
132,34,1
132,35,4
132,1,2
132,8,2
132,21,1
132,32,3
132,7,3
132,43,3
132,22,1
132,49,5
132,2,5
132,42,5
132,36,5
132,49,2
133,30,4
133,24,3
133,40,4
133,33,3
133,29,4
133,21,1
133,46,1
133,1,1
133,25,3
133,45,2
133,24,1
133,9,4
133,17,2
133,8,2
133,19,2
133,8,5
133,23,5
133,38,1
133,4,5
133,41,4
133,20,4
133,33,4
133,46,3
133,46,2
133,36,5
133,11,2
133,36,5
133,10,1
133,23,3
133,47,1
133,4,5
133,17,4
133,43,3
133,16,3
134,14,5
134,25,3
134,44,1
134,46,3
134,5,2
134,36,5
134,28,4
134,38,5
134,4,3
134,17,4
134,24,4
134,14,4
134,30,3
134,11,2
134,9,1
134,32,2
134,8,3
134,19,1
134,1,3
134,11,2
134,29,3
134,31,1
134,18,3
134,36,1
134,12,2
134,44,2
134,40,4
134,15,3
134,39,2
134,16,5
134,28,4
134,44,3
134,29,3
134,17,5
134,19,5
134,23,4
134,3,4
135,49,2
135,42,4
135,18,3
135,43,1
135,39,2
135,9,1
135,21,2
135,29,5
135,46,4
135,43,4
135,23,2
135,12,4
135,17,3
135,40,2
135,37,5
135,36,2
135,41,5
135,1,4
135,1,3
135,11,5
135,23,3
135,26,5
135,14,4
135,4,5
135,35,2
135,45,1
135,40,3
135,36,2
135,10,1
135,47,4
135,26,3
135,19,5
135,2,1
135,26,2
136,21,2
136,27,1
136,16,2
136,7,1
136,8,4
136,5,2
136,23,1
136,28,4
136,45,5
136,34,2
136,36,4
136,31,4
136,27,4
136,43,2
136,5,5
136,30,4
136,20,2
136,27,3
136,14,2
136,32,2
136,13,2
136,46,4
136,39,4
136,47,3
136,33,1
136,8,3
136,35,4
136,29,1
136,25,2
136,44,1
136,44,3
136,25,2
136,40,3
136,42,2
136,41,2
136,12,1
136,2,1
136,3,2
137,37,4
137,38,5
137,2,5
137,36,3
137,18,4
137,22,5
137,15,2
137,14,5
137,34,2
137,24,3
137,39,1
137,42,3
137,8,4
137,36,1
137,2,1
137,47,1
137,25,4
137,25,5
137,14,2
137,13,5
137,2,4
137,42,4
137,43,5
137,39,1
137,26,5
137,9,3
137,17,4
137,7,1
137,36,1
137,37,4
137,37,1
137,39,3
137,10,5
137,5,3
137,23,2
138,5,2
138,38,5
138,26,4
138,20,2
138,48,3
138,20,5
138,17,2
138,18,1
138,17,2
138,25,5
138,2,3
138,16,5
138,14,5
138,29,2
138,11,4
138,10,3
138,32,1
138,7,1
138,14,4
138,7,3
138,14,1
138,9,4
138,15,5
138,48,2
138,28,3
138,25,1
138,37,1
138,44,2
138,22,4
138,18,1
138,20,3
138,35,5
138,5,5
138,19,4
138,26,4
139,34,4
139,14,5
139,13,5
139,7,3
139,32,5
139,25,3
139,11,5
139,47,2
139,39,2
139,20,2
139,23,5
139,22,2
139,2,4
139,3,5
139,45,5
139,26,1
139,11,1
139,23,2
139,10,2
139,31,1
139,40,2
139,39,4
139,25,4
139,26,2
139,20,2
139,41,4
139,33,1
139,45,4
139,18,4
139,34,3
139,30,5
139,46,5
139,39,2
139,31,1
139,11,1
140,44,2
140,10,4
140,9,1
140,27,5
140,4,3
140,15,1
140,42,1
140,1,5
140,8,4
140,12,3
140,8,4
140,48,5
140,49,4
140,45,2
140,19,1
140,49,4
140,48,1
140,21,2
140,11,3
140,20,1
140,44,1
140,36,1
140,41,5
140,18,5
140,42,5
140,37,5
140,42,3
140,23,5
140,31,5
140,20,5
140,11,1
141,21,4
141,5,3
141,26,5
141,32,5
141,24,3
141,12,4
141,7,2
141,32,3
141,12,4
141,2,1
141,26,4
141,25,3
141,13,2
141,31,5
141,13,2
141,24,3
141,25,2
141,38,3
141,28,4
141,20,2
141,31,3
141,38,1
141,36,5
141,21,5
141,31,5
141,7,5
141,3,1
141,11,3
142,5,4
142,22,3
142,13,3
142,31,3
142,25,2
142,3,3
142,28,2
142,20,1
142,46,1
142,46,3
142,26,3
142,29,1
142,43,5
142,15,1
142,28,2
142,23,3
142,45,1
142,1,1
142,10,4
142,44,5
142,5,2
142,17,5
142,27,1
142,6,2
142,30,1
142,31,1
142,28,2
142,11,4
142,7,3
142,31,1
142,30,3
142,29,4
142,46,3
142,31,5
142,6,4
142,1,1
142,36,4
142,48,3
142,18,2
142,11,2
142,10,4
142,43,3
142,13,4
142,9,2
142,38,5
142,9,2
143,7,5
143,14,4
143,32,1
143,11,2
143,47,5
143,18,1
143,35,2
143,41,1
143,34,4
143,8,2
143,3,5
143,2,4
143,11,2
143,20,5
143,16,4
143,7,3
143,10,5
143,10,1
143,7,5
143,45,5
143,35,3
143,20,4
143,35,3
143,12,1
143,33,2
143,30,3
143,39,5
143,29,5
143,2,2
143,7,5
143,40,5
143,47,1
143,10,1
143,19,5
143,16,2
143,40,3
143,35,2
143,36,2
143,15,2
143,46,5
143,44,3
143,27,2
143,11,2
143,31,4
143,4,5
143,6,4
143,24,5
144,19,5
144,49,2
144,40,5
144,38,2
144,4,3
144,36,5
144,21,5
144,45,3
144,25,4
144,11,4
144,35,3
144,26,1
144,27,2
144,44,3
144,33,1
144,41,5
144,33,2
144,33,2
144,1,3
144,23,5
144,14,2
144,18,1
144,49,4
144,5,2
144,18,4
144,7,2
144,10,2
144,45,5
144,4,2
144,19,3
144,6,4
144,17,2
144,48,2
144,11,4
144,6,3
144,13,1
144,48,5
144,37,3
144,7,4
144,47,5
144,33,2
145,33,2
145,31,2
145,45,1
145,23,1
145,15,3
145,12,4
145,25,3
145,27,5
145,23,5
145,34,2
145,48,3
145,35,3
145,30,2
145,17,5
145,32,1
145,34,1
145,8,5
145,29,3
145,37,2
145,14,4
145,7,3
145,26,2
145,18,1
145,5,2
145,26,4
145,23,1
145,30,3
145,19,3
145,28,3
145,7,4
145,2,4
145,28,3
145,31,3
145,8,5
145,22,4
145,28,2
145,21,2
146,30,2
146,13,1
146,2,2
146,27,2
146,36,2
146,23,2
146,12,1
146,6,3
146,5,3
146,16,1
146,14,1
146,20,4
146,20,5
146,4,2
146,45,4
146,47,3
146,4,3
146,29,5
146,45,2
146,20,1
146,19,2
146,49,5
146,46,1
146,19,1
146,40,2
146,42,1
146,36,3
146,33,5
146,20,3
146,20,2
146,34,5
146,25,1
146,14,3
146,38,2
146,44,4
146,29,2
146,31,5
146,40,1
146,1,5
146,4,2
147,49,3
147,36,4
147,44,2
147,12,5
147,27,2
147,44,2
147,31,4
147,33,4
147,27,1
147,6,1
147,11,4
147,20,2
147,42,1
147,45,2
147,33,5
147,32,5
147,1,1
147,38,2
147,43,4
147,30,4
147,7,2
147,41,2
147,35,4
147,24,4
147,29,1
147,12,4
147,20,5
147,25,1
147,9,4
147,30,5
147,3,2
147,20,2
147,35,3
148,32,1
148,41,1
148,21,2
148,48,5
148,35,2
148,12,3
148,36,3
148,40,1
148,37,3
148,32,5
148,28,3
148,35,4
148,1,3
148,5,1
148,33,5
148,16,1
148,23,4
148,29,1
148,26,3
148,35,4
148,47,5
148,43,4
148,21,3
148,9,5
148,14,2
148,39,4
148,22,2
148,27,3
148,19,3
148,44,2
149,10,4
149,8,2
149,45,1
149,17,2
149,2,5
149,26,1
149,49,1
149,17,2
149,15,2
149,48,5
149,14,2
149,30,1
149,11,1
149,26,2
149,45,2
149,2,3
149,32,4
149,31,1
149,46,4
149,17,3
149,42,2
149,39,2
149,10,3
149,10,4
149,48,5
149,21,1
149,6,5
149,17,5
149,21,5
149,1,2
149,6,3
149,43,5
149,31,3
149,27,4
149,49,5
149,48,2
150,27,3
150,8,3
150,36,2
150,41,2
150,42,2
150,32,4
150,15,5
150,24,4
150,33,4
150,1,4
150,7,4
150,35,2
150,42,5
150,16,3
150,47,5
150,45,4
150,20,1
150,24,3
150,28,1
150,44,5
150,34,4
150,5,5
150,10,4
150,48,4
150,26,3
150,35,2
150,30,5
150,21,5
150,3,4
150,35,4
150,38,2
150,11,2
151,29,1
151,1,5
151,1,3
151,34,5
151,11,5
151,20,3
151,37,3
151,36,5
151,26,1
151,11,4
151,36,5
151,30,3
151,33,1
151,42,4
151,33,2
151,39,4
151,9,5
151,31,3
151,30,5
151,7,2
151,45,1
151,6,4
152,13,2
152,24,5
152,24,5
152,34,3
152,47,5
152,33,3
152,44,5
152,16,2
152,23,3
152,21,5
152,15,2
152,13,1
152,11,5
152,13,2
152,28,3
152,30,2
152,45,3
152,27,1
152,42,4
152,37,3
152,35,2
152,15,3
152,40,1
152,34,5
152,38,5
152,19,2
152,14,3
152,32,2
152,29,3
152,27,1
153,1,1
153,49,4
153,28,3
153,14,1
153,32,3
153,18,1
153,30,1
153,12,3
153,25,3
153,7,2
153,5,2
153,34,5
153,8,5
153,43,1
153,41,1
153,2,4
153,5,5
153,19,4
153,2,3
153,6,5
153,47,4
153,26,3
153,1,1
153,35,1
153,1,1
154,37,3
154,28,3
154,46,5
154,35,5
154,45,5
154,27,4
154,16,3
154,4,5
154,18,4
154,10,1
154,41,1
154,12,4
154,28,4
154,18,5
154,7,3
154,9,5
154,16,3
154,16,1
154,27,4
154,34,1
154,41,3
154,10,1
154,34,4
154,19,5
154,39,3
154,40,4
154,2,2
154,10,2
154,44,4
155,39,4
155,15,1
155,40,4
155,38,2
155,6,1
155,35,3
155,40,4
155,5,2
155,10,2
155,1,1
155,47,2
155,47,5
155,26,3
155,15,1
155,46,2
155,38,4
155,22,1
155,13,4
155,7,3
155,10,3
155,31,1
155,27,2
155,11,4
155,10,1
155,18,4
155,30,3
155,48,2
155,1,1
155,45,5
155,27,5
156,42,2
156,22,1
156,32,4
156,37,3
156,31,5
156,26,3
156,17,5
156,5,4
156,8,4
156,36,1
156,37,3
156,40,4
156,36,1
156,40,1
156,27,5
156,1,2
156,10,5
156,14,2
156,28,5
156,15,1
156,15,1
156,24,3
156,14,4
156,38,5
156,1,1
156,10,3
156,13,5
156,42,5
156,47,4
157,12,5
157,6,3
157,7,1
157,38,5
157,37,3
157,22,2
157,29,3
157,21,1
157,48,1
157,22,3
157,35,2
157,19,4
157,18,5
157,9,5
157,12,1
157,46,3
157,29,1
157,30,1
157,5,5
157,19,1
157,8,5
157,41,3
157,6,4
157,12,3
157,12,4
157,5,5
157,42,3
157,47,2
157,8,3
157,49,3
157,49,5
157,25,4
157,5,3
157,16,2
157,3,5
157,19,1
157,20,3
157,30,4
157,43,4
157,32,4
157,17,3
157,34,4
157,15,3
158,25,1
158,35,5
158,42,5
158,2,5
158,6,3
158,19,5
158,15,1
158,14,2
158,37,1
158,6,3
158,1,3
158,17,4
158,24,2
158,43,3
158,20,1
158,39,4
158,42,5
158,4,3
158,11,1
158,41,2
158,31,1
158,27,3
158,44,1
158,48,2
158,25,1
158,26,5
158,30,3
158,24,1
158,9,4
158,41,5
158,3,4
158,4,2
158,39,5
159,24,2
159,35,4
159,8,5
159,25,1
159,37,1
159,4,1
159,20,2
159,41,2
159,39,2
159,29,4
159,48,2
159,42,4
159,45,1
159,20,5
159,3,1
159,1,3
159,18,4
159,29,1
159,1,5
159,36,2
159,35,3
159,6,1
159,20,5
159,5,1
159,27,5
159,48,5
159,9,3
159,25,4
159,1,4
159,47,1
159,26,2
159,31,4
159,3,2
159,4,4
159,32,2
159,8,1
159,13,3
159,19,3
159,6,4
159,10,3
159,37,1
160,20,5
160,7,1
160,13,1
160,36,1
160,49,3
160,27,5
160,37,1
160,32,1
160,42,2
160,2,5
160,41,2
160,33,1
160,22,3
160,37,1
160,9,2
160,19,2
160,5,3
160,34,2
160,42,2
160,48,5
160,1,4
160,8,5
160,23,2
160,7,5
160,3,3
160,9,3
160,34,2
160,33,5
160,37,4
160,25,3
160,45,1
160,13,3
160,35,5
160,20,5
160,42,2
160,8,2
160,47,2
160,49,2
160,42,2
161,47,1
161,34,2
161,11,3
161,24,4
161,38,3
161,42,1
161,41,5
161,17,2
161,28,4
161,15,5
161,47,5
161,4,3
161,18,4
161,10,4
161,6,5
161,4,1
161,36,5
161,35,5
161,38,2
161,31,1
161,26,2
161,33,5
161,16,1
161,11,4
161,19,4
161,42,5
161,13,1
161,16,4
161,33,1
161,11,1
161,38,1
162,19,5
162,46,2
162,23,3
162,40,3
162,15,5
162,26,3
162,25,3
162,17,2
162,8,5
162,12,5
162,15,2
162,19,1
162,2,5
162,45,4
162,5,4
162,24,2
162,30,2
162,9,5
162,36,3
162,11,4
162,29,2
162,5,1
162,35,3
162,14,4
162,39,4
162,25,3
162,22,1
162,28,3
162,37,3
162,39,5
162,35,2
162,20,4
163,2,5
163,12,1
163,29,4
163,35,4
163,36,1
163,15,4
163,13,5
163,23,3
163,15,1
163,42,2
163,40,5
163,6,3
163,45,1
163,14,5
163,20,4
163,12,3
163,2,1
163,1,5
163,45,3
163,20,3
163,5,1
163,11,5
163,18,1
163,44,5
163,21,1
163,18,2
163,37,5
163,16,2
163,24,5
163,35,2
163,29,5
163,1,5
163,46,2
163,29,1
164,24,4
164,45,2
164,10,5
164,1,3
164,35,4
164,20,2
164,26,1
164,20,1
164,15,4
164,43,4
164,11,3
164,41,4
164,5,3
164,20,1
164,14,4
164,17,5
164,19,4
164,9,5
164,45,5
164,30,1
164,15,4
164,16,2
164,48,1
164,20,3
164,28,1
164,48,5
164,41,1
164,43,2
164,43,2
164,46,3
164,29,3
164,47,2
164,41,5
164,13,3
164,42,3
165,20,4
165,11,5
165,48,5
165,20,1
165,4,3
165,15,5
165,18,4
165,28,4
165,23,4
165,32,2
165,20,1
165,5,2
165,21,2
165,43,3
165,8,4
165,32,2
165,14,3
165,39,5
165,47,3
165,29,5
165,26,4
165,6,4
165,32,5
165,2,1
165,1,3
165,19,2
165,7,2
165,44,2
165,31,2
165,47,5
165,20,4
165,11,1
165,37,5
165,18,2
165,15,4
166,34,3
166,38,1
166,16,3
166,31,2
166,29,1
166,25,2
166,9,4
166,43,5
166,33,1
166,37,1
166,7,5
166,14,1
166,39,4
166,9,5
166,3,5
166,12,4
166,17,3
166,35,4
166,34,4
166,33,3
166,21,4
166,11,2
166,2,3
166,23,4
166,20,1
166,6,5
166,38,1
166,10,4
166,15,4
167,40,4
167,1,2
167,2,2
167,27,5
167,21,4
167,18,3
167,21,4
167,38,2
167,9,4
167,30,2
167,27,1
167,19,4
167,2,1
167,2,4
167,46,4
167,26,4
167,3,3
167,14,4
167,36,5
167,41,1
167,35,4
167,33,3
167,17,4
167,16,5
167,23,3
167,7,3
167,13,4
167,18,3
167,4,3
167,15,2
167,32,3
167,45,2
167,32,2
167,45,5
167,2,1
167,32,3
167,40,1
167,37,4
167,19,5
167,25,5
168,2,5
168,49,5
168,48,4
168,28,5
168,35,4
168,15,5
168,12,4
168,45,1
168,41,1
168,38,3
168,42,4
168,43,4
168,12,4
168,36,4
168,19,1
168,31,2
168,9,2
168,28,2
168,19,1
168,1,5
168,22,3
168,45,1
168,45,2
168,47,5
168,49,4
168,12,3
168,46,3
168,23,5
168,1,3
168,2,2
168,40,5
168,17,4
168,3,1
168,25,5
168,40,4
168,45,2
168,23,3
168,6,5
168,34,4
168,38,5
168,20,3
168,17,4
168,30,3
169,14,2
169,33,1
169,14,3
169,23,5
169,38,4
169,41,5
169,3,5
169,48,2
169,24,2
169,45,5
169,8,4
169,4,1
169,18,3
169,3,3
169,47,4
169,21,1
169,28,5
169,19,1
169,39,1
169,37,1
169,29,3
169,10,5
169,13,1
169,11,5
169,41,1
169,25,5
169,39,2
169,16,4
169,3,4
169,7,5
169,8,3
170,16,3
170,22,1
170,44,1
170,34,4
170,49,4
170,19,1
170,26,4
170,21,2
170,12,4
170,29,2
170,4,3
170,3,4
170,16,2
170,47,4
170,42,2
170,17,2
170,28,1
170,36,5
170,38,1
170,41,3
170,9,2
170,32,2
170,38,2
170,45,5
170,48,2
170,42,5
170,29,1
170,31,1
170,12,4
170,3,3
170,2,3
170,23,3
170,16,4
170,20,3
170,8,5
170,15,2
170,36,2
170,42,1
170,49,5
170,12,1
170,32,1
171,16,4
171,5,2
171,6,1
171,37,4
171,30,3
171,6,2
171,41,5
171,42,4
171,3,5
171,28,4
171,29,1
171,36,3
171,2,5
171,46,3
171,21,3
171,38,4
171,33,4
171,7,3
171,28,2
171,41,5
171,40,1
171,2,1
171,12,4
171,39,3
171,16,4
171,19,1
171,9,2
171,39,3
171,44,2
171,11,1
171,8,2
171,29,5
172,12,2
172,10,5
172,30,1
172,6,5
172,44,2
172,42,3
172,12,2
172,32,2
172,33,3
172,7,4
172,40,5
172,4,3
172,40,2
172,23,4
172,5,3
172,44,3
172,32,1
172,3,3
172,44,4
172,14,2
172,12,5
172,43,2
172,27,3
172,22,3
172,40,3
172,14,2
172,39,3
172,3,2
172,25,4
172,16,4
172,23,3
173,39,3
173,16,2
173,31,1
173,41,5
173,4,2
173,4,4
173,35,3
173,19,3
173,42,1
173,17,2
173,6,5
173,47,2
173,32,5
173,16,2
173,26,3
173,45,4
173,23,4
173,20,2
173,18,2
173,42,3
173,47,1
173,17,3
173,44,5
173,9,1
173,30,2
173,46,5
173,39,1
173,8,4
173,30,4
173,13,4
173,10,1
173,13,1
173,23,4
173,39,1
173,6,1
173,43,2
173,33,1
173,34,1
174,10,2
174,11,2
174,16,2
174,17,5
174,23,2
174,25,3
174,48,1
174,4,2
174,36,3
174,14,5
174,29,5
174,36,2
174,39,2
174,4,5
174,26,3
174,32,1
174,38,5
174,21,1
174,16,3
174,47,4
174,25,1
174,49,1
174,44,3
174,28,4
174,15,3
174,25,1
174,33,5
174,8,3
174,44,2
174,39,4
174,19,2
174,31,5
174,28,1
174,10,5
175,23,5
175,29,2
175,7,2
175,43,3
175,6,4
175,19,3
175,27,4
175,28,4
175,7,3
175,10,1
175,22,1
175,44,1
175,15,2
175,21,5
175,1,2
175,4,2
175,24,4
175,19,5
175,32,3
175,1,2
175,25,3
175,12,5
175,24,5
175,35,5
175,20,5
175,16,5
175,7,3
175,44,3
175,46,4
175,16,1
175,10,3
175,28,1
175,27,3
175,38,2
175,3,4
175,42,3
176,48,5
176,10,4
176,27,1
176,38,3
176,9,4
176,21,3
176,14,5
176,8,4
176,14,1
176,15,5
176,18,3
176,17,4
176,10,5
176,17,5
176,10,1
176,4,1
176,35,1
176,19,5
176,45,2
176,1,1
176,6,5
176,32,1
176,47,3
176,2,5
176,9,5
176,14,2
176,49,1
176,8,1
176,37,5
176,31,1
177,26,1
177,36,4
177,44,5
177,43,4
177,26,3
177,38,1
177,23,4
177,18,4
177,16,2
177,34,4
177,25,3
177,23,1
177,18,5
177,21,4
177,41,3
177,2,5
177,23,4
177,13,3
177,17,3
177,10,1
177,49,4
177,6,5
177,10,4
177,20,5
177,31,5
177,17,1
177,41,3
177,31,3
177,46,2
178,23,5
178,16,2
178,30,4
178,1,4
178,22,1
178,24,3
178,1,3
178,25,3
178,39,2
178,8,1
178,15,5
178,19,3
178,12,1
178,46,3
178,16,4
178,29,5
178,44,1
178,13,4
178,10,5
178,1,3
178,41,3
178,15,3
178,33,1
178,14,1
178,43,4
178,45,2
178,49,1
178,32,5
178,22,5
178,27,5
178,30,3
178,23,4
178,35,4
178,22,2
178,5,3
178,13,4
178,42,1
178,1,1
179,16,1
179,33,4
179,39,1
179,24,1
179,24,3
179,16,5
179,42,1
179,11,2
179,19,2
179,38,4
179,42,3
179,17,3
179,37,5
179,3,2
179,49,4
179,14,2
179,47,4
179,48,5
179,26,1
179,5,4
179,31,2
179,8,3
179,2,3
179,13,5
179,47,5
179,36,4
179,42,1
179,12,5
179,17,1
179,29,1
179,6,5
179,22,2
179,5,4
179,45,5
179,12,2
179,46,1
179,14,1
179,23,5
179,23,5
179,16,4
179,49,4
179,36,2
180,17,4
180,17,3
180,16,3
180,40,5
180,11,4
180,20,1
180,35,4
180,15,5
180,19,1
180,12,2
180,47,1
180,2,3
180,31,3
180,24,4
180,31,1
180,27,1
180,48,3
180,30,5
180,44,1
180,21,2
180,49,3
180,36,1
180,30,3
180,16,1
180,35,3
181,36,5
181,34,3
181,8,4
181,29,2
181,16,1
181,38,3
181,28,1
181,48,3
181,33,5
181,2,5
181,34,5
181,27,4
181,16,1
181,19,4
181,6,4
181,4,1
181,45,2
181,37,4
181,11,2
181,9,2
181,44,4
181,1,2
181,33,1
181,48,5
181,19,4
181,38,3
181,20,5
181,24,1
181,18,4
181,25,2
181,14,2
181,30,1
181,45,4
181,7,5
181,34,3
181,41,1
181,13,2
182,41,2
182,45,1
182,34,5
182,24,1
182,18,4
182,20,3
182,35,3
182,1,3
182,49,2
182,33,4
182,11,1
182,15,4
182,8,2
182,34,1
182,10,3
182,3,2
182,40,5
182,49,1
182,46,5
182,11,1
182,6,4
182,35,3
182,12,2
182,16,3
182,30,5
182,9,4
182,19,4
182,42,5
182,6,3
182,31,2
182,9,3
182,10,4
182,24,2
182,34,3
182,32,4
182,7,1
182,46,1
183,15,2
183,39,5
183,33,3
183,9,2
183,35,4
183,15,4
183,21,3
183,12,3
183,21,1
183,22,4
183,1,1
183,30,3
183,16,2
183,12,1
183,11,1
183,33,1
183,10,3
183,26,3
183,40,3
183,3,1
183,15,4
183,18,1
183,36,1
183,19,5
183,40,2
183,47,5
183,5,2
183,4,4
184,2,3
184,28,1
184,3,4
184,4,5
184,12,2
184,44,3
184,19,2
184,27,4
184,12,5
184,17,2
184,40,5
184,49,5
184,11,1
184,34,4
184,37,3
184,26,5
184,35,3
184,35,4
184,46,1
184,2,3
184,20,2
184,49,1
184,17,3
184,44,1
184,49,2
184,11,3
184,38,2
184,9,3
184,47,2
184,31,3
184,10,4
184,33,4
184,14,2
184,17,5
184,13,3
184,37,4
184,49,4
184,37,5
184,46,3
184,18,2
184,33,3
184,15,1
184,34,3
184,18,2
185,49,2
185,43,4
185,31,2
185,42,3
185,1,4
185,18,1
185,37,1
185,44,5
185,48,3
185,13,3
185,6,4
185,14,4
185,11,3
185,48,5
185,10,4
185,26,5
185,43,1
185,39,2
185,25,2
185,20,1
185,23,2
185,17,1
185,15,1
185,49,2
185,31,3
185,41,5
185,49,3
185,27,4
185,34,2
185,48,3
185,6,5
185,20,2
185,26,4
185,48,4
186,23,1
186,6,5
186,1,4
186,44,4
186,34,5
186,28,1
186,5,5
186,43,1
186,42,3
186,21,5
186,48,4
186,3,4
186,39,2
186,19,4
186,15,4
186,2,3
186,33,5
186,13,4
186,22,4
186,9,4
186,37,4
186,6,2
186,16,5
186,25,2
186,24,2
186,36,1
186,27,3
186,1,1
186,48,3
186,12,3
187,36,4
187,27,3
187,24,1
187,26,3
187,41,4
187,39,5
187,42,2
187,49,5
187,1,1
187,45,3
187,23,2
187,25,2
187,5,3
187,37,1
187,34,2
187,25,3
187,15,2
187,10,5
187,13,3
187,44,1
187,37,2
187,44,1
187,20,3
187,37,3
187,25,2
187,43,3
187,12,5
187,41,2
187,46,3
187,20,2
187,44,4
187,43,2
187,8,4
187,3,3
187,5,3
187,41,5
187,28,3
187,24,5
187,15,5
188,41,4
188,25,5
188,4,1
188,3,3
188,12,1
188,6,1
188,30,2
188,8,5
188,15,1
188,20,3
188,25,1
188,16,4
188,27,3
188,37,2
188,11,3
188,15,1
188,33,1
188,21,4
188,43,1
188,16,4
188,22,2
188,38,3
188,39,3
188,23,4
188,47,1
188,46,4
188,23,2
188,10,1
188,47,1
189,39,5
189,5,5
189,12,4
189,25,5
189,38,3
189,42,2
189,26,5
189,9,3
189,40,3
189,21,5
189,21,5
189,18,2
189,15,3
189,22,1
189,14,4
189,16,1
189,10,2
189,29,3
189,33,3
189,1,4
189,7,5
189,39,5
189,46,3
189,27,2
189,49,4
189,45,1
189,10,2
189,1,1
189,10,5
189,16,1
189,10,3
189,37,4
189,12,5
189,27,4
190,4,3
190,44,4
190,21,5
190,40,5
190,7,5
190,17,3
190,16,4
190,25,5
190,42,4
190,3,2
190,7,4
190,33,5
190,19,2
190,45,2
190,12,2
190,22,2
190,39,5
190,36,1
190,48,3
190,46,1
190,20,3
190,46,2
190,29,5
190,48,1
190,42,1
190,5,5
190,17,3
190,29,1
190,23,1
190,46,4
190,1,1
191,2,5
191,5,3
191,9,1
191,11,2
191,37,5
191,40,5
191,38,1
191,2,4
191,16,1
191,38,5
191,6,3
191,8,4
191,13,2
191,29,5
191,16,2
191,45,3
191,17,2
191,47,1
191,40,1
191,44,1
191,48,5
191,22,3
191,46,4
191,48,2
191,11,4
191,42,3
191,20,3
192,33,2
192,35,3
192,39,3
192,8,2
192,2,1
192,41,1
192,4,1
192,11,5
192,32,5
192,48,4
192,6,4
192,11,4
192,18,1
192,32,2
192,28,1
192,20,1
192,25,2
192,47,1
192,14,3
192,26,5
192,48,1
192,49,3
192,35,4
192,16,5
192,20,5
192,41,5
192,11,2
192,27,4
192,39,2
192,12,4
192,26,2
192,4,4
192,19,3
192,45,3
192,33,5
192,25,1
193,49,1
193,6,5
193,28,4
193,33,2
193,49,2
193,25,1
193,21,2
193,11,3
193,29,2
193,14,1
193,18,5
193,1,4
193,2,2
193,19,1
193,26,1
193,21,4
193,45,1
193,22,2
193,20,4
193,13,3
193,49,4
193,26,3
193,3,4
193,34,2
193,1,2
193,22,5
193,16,5
193,11,3
193,14,5
193,40,2
193,4,3
193,27,4
194,14,5
194,43,5
194,5,4
194,12,2
194,25,4
194,46,3
194,27,1
194,6,3
194,40,5
194,40,5
194,17,4
194,11,1
194,37,1
194,29,1
194,10,1
194,33,4
194,4,1
194,39,2
194,32,5
194,41,1
194,18,5
194,42,4
194,17,3
194,15,3
194,7,4
194,7,1
194,11,1
194,34,5
194,27,2
194,34,2
194,28,5
194,17,5
194,28,1
194,18,5
194,22,2
194,36,1
194,27,2
194,40,4
194,21,1
194,39,5
195,40,3
195,5,3
195,2,1
195,3,2
195,25,4
195,3,2
195,1,3
195,47,2
195,46,3
195,18,3
195,22,4
195,47,4
195,45,3
195,13,3
195,33,5
195,45,4
195,41,3
195,16,1
195,1,3
195,31,4
195,9,1
195,15,2
195,37,5
195,36,1
195,40,1
195,36,1
195,40,4
195,42,1
195,35,1
195,1,5
195,6,1
195,15,4
195,23,4
195,27,5
195,3,5
195,16,2
195,34,5
195,31,2
195,21,2
195,4,3
196,45,3
196,17,2
196,41,2
196,20,3
196,25,5
196,36,3
196,24,5
196,28,3
196,35,4
196,26,2
196,37,5
196,17,2
196,23,4
196,45,5
196,28,2
196,3,1
196,15,5
196,46,2
196,34,5
196,8,1
196,28,5
196,21,5
196,11,2
196,12,4
196,1,1
196,28,2
196,43,2
196,30,1
196,11,4
196,38,1
197,21,4
197,47,1
197,36,1
197,21,4
197,49,3
197,16,3
197,43,5
197,25,2
197,40,5
197,41,1
197,20,3
197,32,2
197,4,3
197,11,1
197,35,2
197,44,5
197,7,1
197,23,5
197,6,5
197,9,4
197,2,5
197,14,4
197,23,3
197,27,2
197,11,4
197,43,5
198,2,5
198,20,1
198,14,2
198,41,3
198,41,3
198,41,4
198,11,4
198,8,3
198,34,2
198,36,3
198,22,5
198,10,2
198,8,2
198,12,3
198,40,5
198,28,4
198,44,3
198,26,3
198,18,3
198,40,2
198,47,3
198,5,5
198,26,2
198,28,1
198,11,1
198,33,2
198,15,1
198,26,1
198,3,2
198,16,3
198,40,3
198,17,3
198,28,4
198,26,3
198,39,1
198,47,5
198,44,2
198,40,1
198,19,5
198,20,4
198,26,4
199,35,4
199,20,3
199,10,5
199,47,4
199,32,3
199,17,2
199,24,3
199,41,3
199,45,3
199,24,2
199,33,4
199,14,3
199,40,5
199,12,1
199,25,2
199,3,4
199,16,1
199,4,5
199,39,2
199,1,3
199,26,2
199,41,4
199,35,3
199,18,3
199,27,3
199,28,4
199,39,1
199,7,1
199,27,1
199,29,4
200,43,3
200,5,5
200,9,2
200,39,2
200,42,1
200,9,1
200,41,2
200,1,2
200,2,2
200,18,1
200,29,2
200,4,3
200,29,4
200,1,4
200,1,4
200,21,1
200,40,3
200,45,1
200,43,3
200,17,4
200,8,4
200,27,2
200,22,1
200,13,5
200,4,2
200,20,5
200,33,4
200,12,1
200,45,2
200,47,3
200,35,5
200,15,1
200,41,5
200,28,4
200,19,5
200,47,2
200,49,4
200,9,3
200,7,2
201,4,5
201,29,5
201,1,5
201,33,3
201,25,3
201,36,3
201,14,4
201,28,3
201,30,3
201,46,2
201,7,3
201,24,3
201,23,2
201,38,2
201,29,2
201,33,3
201,22,5
201,12,5
201,38,2
201,22,4
201,27,5
201,8,1
201,13,2
201,35,2
201,44,5
201,33,2
201,30,2
201,46,3
201,44,5
201,3,1
201,13,4
201,47,4
201,41,2
201,36,5
201,28,1
201,11,3
202,42,2
202,31,4
202,38,4
202,32,5
202,37,4
202,44,1
202,44,5
202,46,2
202,40,4
202,39,4
202,34,1
202,47,4
202,9,3
202,33,4
202,32,1
202,3,5
202,17,2
202,16,2
202,14,5
202,40,3
202,8,1
202,13,5
202,47,1
202,13,5
202,33,1
202,15,5
202,31,5
202,24,3
202,25,1
202,20,2
202,17,4
202,8,2
202,30,5
202,43,5
202,38,2
203,9,1
203,20,4
203,48,3
203,42,5
203,4,1
203,49,3
203,25,3
203,31,2
203,5,2
203,15,5
203,46,5
203,24,2
203,5,4
203,21,5
203,32,3
203,16,2
203,22,1
203,2,2
203,46,5
203,16,2
203,45,2
203,3,3
203,6,5
203,23,3
203,4,4
203,11,3
203,35,2
203,30,4
203,25,2
203,6,2
204,38,3
204,49,3
204,29,4
204,43,2
204,30,2
204,26,3
204,2,4
204,37,2
204,17,5
204,11,2
204,43,4
204,9,5
204,17,1
204,17,3
204,35,3
204,41,3
204,22,5
204,5,1
204,22,3
204,7,3
204,12,1
204,34,4
204,26,5
204,28,3
204,41,1
204,45,1
204,39,5
204,22,1
204,21,4
204,35,2
204,22,4
204,44,2
204,15,4
204,42,5
204,46,2
204,15,3
204,26,3
205,27,4
205,25,3
205,46,2
205,6,5
205,15,3
205,31,3
205,8,2
205,15,2
205,25,4
205,38,3
205,28,3
205,47,4
205,6,2
205,28,2
205,27,5
205,46,4
205,37,1
205,33,4
205,43,2
205,34,1
205,25,5
205,21,4
205,13,5
205,5,4
205,27,4
206,24,4
206,26,1
206,1,2
206,4,4
206,13,1
206,47,5
206,12,3
206,21,1
206,17,1
206,39,1
206,33,2
206,18,3
206,30,3
206,26,5
206,2,5
206,29,4
206,46,3
206,48,4
206,42,2
206,10,3
206,25,5
206,6,3
206,1,5
206,40,2
206,33,2
206,41,1
206,33,1
206,19,5
206,36,3
206,9,1
206,23,2
206,6,3
206,34,5
206,45,5
206,35,4
206,17,4
206,27,4
206,41,5
206,12,1
206,33,3
207,26,4
207,35,5
207,2,2
207,19,5
207,2,4
207,32,3
207,3,5
207,33,5
207,19,3
207,9,2
207,1,2
207,42,1
207,43,3
207,43,1
207,8,5
207,37,2
207,37,4
207,45,4
207,2,1
207,41,2
207,23,2
207,7,2
207,7,5
207,12,3
207,11,1
207,26,2
207,6,5
207,25,4
208,21,1
208,27,4
208,15,1
208,8,4
208,46,5
208,17,4
208,35,4
208,39,1
208,45,4
208,38,5
208,46,1
208,32,3
208,19,3
208,43,4
208,5,4
208,17,2
208,41,1
208,18,2
208,40,4
208,34,5
208,8,1
208,24,5
208,11,4
208,34,2
208,45,4
208,11,1
208,8,1
208,18,4
208,23,5
208,14,2
208,33,4
208,29,4
208,27,5
208,45,3
208,4,5
208,35,4
208,16,4
208,31,4
209,8,4
209,4,5
209,27,4
209,3,5
209,22,5
209,21,5
209,41,5
209,6,1
209,45,5
209,46,4
209,9,2
209,10,1
209,43,1
209,46,2
209,15,1
209,49,4
209,41,3
209,46,4
209,34,1
209,16,1
209,12,3
209,17,1
209,10,3
209,3,5
209,14,1
209,21,4
209,34,1
209,35,5
209,41,4
210,41,3
210,34,1
210,10,4
210,15,1
210,37,3
210,17,1
210,30,4
210,29,3
210,10,1
210,22,2
210,22,3
210,23,1
210,16,4
210,35,2
210,41,1
210,30,2
210,24,4
210,35,5
210,25,3
210,4,1
210,23,5
210,17,5
210,7,4
210,48,2
210,44,2
210,42,3
210,18,2
210,20,3
210,49,3
210,45,1
210,10,5
210,7,3
211,15,4
211,23,1
211,35,5
211,23,3
211,43,2
211,26,3
211,39,2
211,19,2
211,5,2
211,9,3
211,17,2
211,28,2
211,40,4
211,4,4
211,28,4
211,24,4
211,32,2
211,49,2
211,22,5
211,22,2
211,9,5
211,44,2
211,35,4
211,30,5
211,35,1
211,19,5
211,8,3
211,33,2
212,6,3
212,27,4
212,3,1
212,10,3
212,40,4
212,29,5
212,43,3
212,6,4
212,44,4
212,3,1
212,2,4
212,13,5
212,8,1
212,27,3
212,11,1
212,7,4
212,26,3
212,9,3
212,15,5
212,33,4
212,19,3
212,9,3
212,16,1
212,32,1
212,42,3
212,34,3
212,36,4
212,35,1
212,40,5
212,36,3
212,26,5
212,4,1
212,41,4
212,8,1
212,26,1
212,19,5
212,9,5
212,15,4
213,39,5
213,3,2
213,42,3
213,29,3
213,37,1
213,9,5
213,17,5
213,29,3
213,49,4
213,18,4
213,49,2
213,8,3
213,42,4
213,29,5
213,26,5
213,37,4
213,2,2
213,26,3
213,29,2
213,38,4
213,40,5
213,32,2
213,34,3
213,38,5
213,19,1
213,9,2
213,31,1
213,28,2
213,13,2
213,16,2
214,35,5
214,14,1
214,48,3
214,44,2
214,29,4
214,26,1
214,33,1
214,37,5
214,13,4
214,47,3
214,44,3
214,43,2
214,17,2
214,33,2
214,8,3
214,12,4
214,21,3
214,17,5
214,33,5
214,32,3
214,30,2
214,45,3
214,3,5
214,48,3
214,14,4
214,43,3
214,10,5
214,47,3
214,8,5
214,7,2
214,2,2
214,45,4
214,5,3
215,39,2
215,43,2
215,33,3
215,35,4
215,21,2
215,41,4
215,29,3
215,31,4
215,30,5
215,29,3
215,30,2
215,27,5
215,34,4
215,18,2
215,13,1
215,18,5
215,8,2
215,14,2
215,34,3
215,20,5
215,3,1
215,16,3
215,40,5
215,12,1
215,31,4
215,8,2
215,6,4
215,23,3
215,7,4
215,10,4
215,19,2
216,7,4
216,45,5
216,34,2
216,16,3
216,13,2
216,34,5
216,17,3
216,37,2
216,37,5
216,49,2
216,11,4
216,45,5
216,48,4
216,27,3
216,4,5
216,49,4
216,22,5
216,33,4
216,35,1
216,32,2
216,24,1
216,1,4
216,5,1
216,13,1
216,44,4
216,47,4
216,27,3
216,32,1
216,40,4
216,26,2
216,15,1
216,8,4
216,2,5
216,46,1
216,28,3
217,29,3
217,19,4
217,5,2
217,48,5
217,35,1
217,6,4
217,21,3
217,2,2
217,26,2
217,2,2
217,34,5
217,28,4
217,10,3
217,21,1
217,42,5
217,32,3
217,43,1
217,15,4
217,36,3
217,43,1
217,38,2
217,45,1
217,9,2
217,22,2
217,29,3
217,2,1
217,34,5
217,47,5
217,37,3
217,48,1
217,8,1
218,18,2
218,45,3
218,25,4
218,2,3
218,9,1
218,18,5
218,16,1
218,21,4
218,37,3
218,40,4
218,19,1
218,31,1
218,18,3
218,10,1
218,37,2
218,7,1
218,22,5
218,42,2
218,23,5
218,2,4
218,47,4
218,5,1
218,48,5
218,33,2
218,5,1
218,38,4
218,35,1
218,5,2
218,5,1
219,35,4
219,38,2
219,22,5
219,22,1
219,7,4
219,26,3
219,36,1
219,46,2
219,1,5
219,39,3
219,9,4
219,34,1
219,35,2
219,29,3
219,27,2
219,46,1
219,26,1
219,48,3
219,13,2
219,29,5
219,43,5
219,33,3
219,41,3
219,21,2
219,43,2
219,19,3
219,30,4
219,41,5
219,3,5
220,22,2
220,3,3
220,19,2
220,22,4
220,4,4
220,49,1
220,17,1
220,42,3
220,33,1
220,28,4
220,5,3
220,11,2
220,2,5
220,43,1
220,39,5
220,28,2
220,47,2
220,5,1
220,47,2
220,5,1
220,13,1
220,6,3
220,4,1
220,19,5
220,36,5
220,33,3
220,18,4
220,14,1
220,32,2
220,48,3
221,21,4
221,13,1
221,43,3
221,27,3
221,16,3
221,17,3
221,4,1
221,43,3
221,24,4
221,31,4
221,22,2
221,49,5
221,14,4
221,19,1
221,30,4
221,5,4
221,32,2
221,4,1
221,22,1
221,39,3
221,34,5
221,40,2
221,30,5
221,48,4
221,16,1
221,21,2
221,44,2
221,47,4
222,48,5
222,33,5
222,43,2
222,37,3
222,1,5
222,15,1
222,29,5
222,29,2
222,19,4
222,11,3
222,23,1
222,17,4
222,6,4
222,5,4
222,12,5
222,7,4
222,5,2
222,22,1
222,45,2
222,36,3
222,46,4
222,7,1
222,40,2
222,19,4
222,20,1
222,48,4
222,10,4
222,11,1
222,48,2
222,29,1
222,16,5
222,18,2
222,29,1
222,44,2
222,46,4
223,11,5
223,27,5
223,46,1
223,29,3
223,16,3
223,11,2
223,23,1
223,18,5
223,44,5
223,19,1
223,39,4
223,30,4
223,14,5
223,24,2
223,44,2
223,32,1
223,2,5
223,25,3
223,31,2
223,40,1
223,38,2
223,31,4
223,13,3
223,48,4
223,44,4
223,23,1
223,3,2
223,13,5
223,32,2
223,14,4
223,32,3
223,15,3
223,11,5
223,10,3
223,19,1
223,28,4
224,5,4
224,34,5
224,24,5
224,3,3
224,25,4
224,41,4
224,43,5
224,33,4
224,1,1
224,35,1
224,33,5
224,43,4
224,46,3
224,14,4
224,3,2
224,34,3
224,9,1
224,20,4
224,20,5
224,20,2
224,22,3
224,32,5
224,20,1
224,30,2
224,12,2
224,4,3
224,42,3
224,20,3
224,43,3
224,2,1
224,27,5
224,19,3
224,25,3
224,45,2
224,49,3
224,20,4
224,46,1
225,46,2
225,24,4
225,36,3
225,38,4
225,42,1
225,12,4
225,49,2
225,30,5
225,48,5
225,23,3
225,35,5
225,31,3
225,14,5
225,21,2
225,21,2
225,12,3
225,1,3
225,49,3
225,32,3
225,37,3
225,21,1
225,18,3
225,39,2
225,1,3
225,22,2
225,22,5
225,34,3
225,24,4
225,48,5
225,6,5
226,17,1
226,25,5
226,24,5
226,3,1
226,31,5
226,12,4
226,6,3
226,8,1
226,47,1
226,33,5
226,24,5
226,29,3
226,11,2
226,48,3
226,33,4
226,29,2
226,28,4
226,40,4
226,21,1
226,38,5
226,35,5
226,40,2
226,32,2
226,38,2
226,40,2
226,31,5
226,31,4
226,40,5
226,21,4
226,15,2
226,4,3
226,44,4
226,43,4
226,15,1
226,29,4
227,18,3
227,44,3
227,31,4
227,44,2
227,7,1
227,44,1
227,3,4
227,45,1
227,14,5
227,33,1
227,48,2
227,24,3
227,34,3
227,29,5
227,21,4
227,44,1
227,9,3
227,29,3
227,39,4
227,4,2
227,9,1
227,36,4
227,23,4
227,33,2
227,20,1
227,46,1
227,7,4
227,26,4
227,14,2
227,11,5
227,30,5
227,6,4
227,21,4
227,11,5
227,7,3
227,41,1
227,2,4
227,10,5
227,9,4
227,34,4
227,36,3
227,47,4
227,42,5
228,33,2
228,6,5
228,1,2
228,34,4
228,20,3
228,28,1
228,1,5
228,31,3
228,28,3
228,30,3
228,27,1
228,31,3
228,12,3
228,39,5
228,3,4
228,43,5
228,5,3
228,15,5
228,37,2
228,38,4
228,18,3
228,4,2
228,41,5
228,5,2
228,35,3
228,14,5
228,4,5
228,25,1
228,10,4
228,25,3
228,35,2
228,30,1
228,27,5
228,14,4
228,32,2
228,45,5
228,4,2
228,6,3
229,9,3
229,29,3
229,25,2
229,47,3
229,38,1
229,21,3
229,5,1
229,6,5
229,42,2
229,49,2
229,28,4
229,43,1
229,40,2
229,28,1
229,28,5
229,39,1
229,12,3
229,31,4
229,18,2
229,3,4
229,9,4
229,47,4
229,9,5
229,2,5
229,1,4
229,16,3
229,27,1
229,18,4
229,31,1
229,6,2
229,16,2
230,24,5
230,4,1
230,44,2
230,43,2
230,28,5
230,35,1
230,39,4
230,38,1
230,15,5
230,30,5
230,33,4
230,6,3
230,12,5
230,5,3
230,30,2
230,30,1
230,35,5
230,43,4
230,24,2
230,16,3
230,17,1
230,41,5
230,28,4
230,15,4
230,7,4
230,30,4
230,31,1
230,29,1
230,43,2
230,43,2
230,12,1
230,45,2
230,10,1
230,32,3
230,19,4
230,40,5
230,13,1
230,15,5
230,20,4
230,16,5
230,22,4
231,30,4
231,14,4
231,17,5
231,9,1
231,40,4
231,2,1
231,15,2
231,17,5
231,28,3
231,39,3
231,2,1
231,45,2
231,32,3
231,20,1
231,5,4
231,42,5
231,38,2
231,4,3
231,29,4
231,8,3
231,26,1
231,25,5
231,4,5
231,38,1
231,41,3
231,23,1
231,44,3
231,47,4
231,13,2
231,25,3
231,33,5
231,34,4
231,7,1
231,8,1
231,12,3
231,33,3
232,41,2
232,6,3
232,4,2
232,2,3
232,13,5
232,45,3
232,31,2
232,18,1
232,3,2
232,12,5
232,28,5
232,27,1
232,24,2
232,5,1
232,28,5
232,16,5
232,30,1
232,15,2
232,48,5
232,38,5
232,25,1
232,4,3
232,4,5
232,11,4
232,37,3
232,5,1
232,15,2
232,2,1
232,30,4
233,46,4
233,4,1
233,33,3
233,27,4
233,40,1
233,4,5
233,22,5
233,28,3
233,31,4
233,20,5
233,16,3
233,10,5
233,12,3
233,7,5
233,38,4
233,5,1
233,13,3
233,18,1
233,29,3
233,16,5
233,48,1
233,41,1
233,29,1
233,40,1
233,30,3
233,46,4
233,23,3
233,39,5
233,47,3
233,10,5
233,3,4
233,47,2
234,9,4
234,8,2
234,46,4
234,11,5
234,35,2
234,33,4
234,45,4
234,6,4
234,19,1
234,32,2
234,19,5
234,27,5
234,34,1
234,10,4
234,48,2
234,9,4
234,33,5
234,20,1
234,18,1
234,48,1
234,2,1
234,24,5
234,43,3
234,44,4
234,12,4
234,13,3
234,21,2
234,46,5
234,15,1
234,45,3
234,31,1
234,2,2
234,5,2
234,45,1
234,35,1
234,43,4
234,43,4
235,41,1
235,38,4
235,44,1
235,18,3
235,24,1
235,11,2
235,19,2
235,31,1
235,7,4
235,23,4
235,33,4
235,34,4
235,45,5
235,17,4
235,24,5
235,23,1
235,15,1
235,1,2
235,26,4
235,7,1
235,39,3
235,41,4
235,21,5
235,7,3
235,21,4
235,32,3
235,48,5
235,5,5
235,45,4
235,31,1
235,36,5
235,13,4
235,16,2
236,2,5
236,34,2
236,20,1
236,17,4
236,12,1
236,46,2
236,24,1
236,32,2
236,3,2
236,16,1
236,18,4
236,31,4
236,44,4
236,44,1
236,42,3
236,11,3
236,20,3
236,34,5
236,11,1
236,29,5
236,38,4
236,21,1
236,17,4
236,35,4
236,32,5
237,11,1
237,8,5
237,15,1
237,48,4
237,43,4
237,46,4
237,3,3
237,34,2
237,23,3
237,42,1
237,4,3
237,17,2
237,10,1
237,38,4
237,24,5
237,26,5
237,12,4
237,33,4
237,25,3
237,38,2
237,38,5
237,2,2
237,13,1
237,45,4
237,26,1
237,34,1
237,2,4
237,3,1
237,31,1
237,15,2
237,18,3
238,10,1
238,44,3
238,14,3
238,37,5
238,24,1
238,7,1
238,25,1
238,7,5
238,17,5
238,23,3
238,17,5
238,3,3
238,5,5
238,37,4
238,36,3
238,47,1
238,25,5
238,17,5
238,25,4
238,37,5
238,5,3
238,39,4
238,33,4
238,12,1
238,14,1
238,34,2
238,19,3
238,44,5
238,5,4
238,46,2
238,7,4
239,46,5
239,12,2
239,30,1
239,44,5
239,40,3
239,45,2
239,7,5
239,9,5
239,1,2
239,19,5
239,7,5
239,20,5
239,20,3
239,24,1
239,43,1
239,49,3
239,8,1
239,44,3
239,46,2
239,3,3
239,38,4
239,49,2
239,14,2
239,12,4
239,3,5
239,3,1
239,40,4
239,47,4
239,20,2
239,7,3
239,30,3
239,45,5
239,4,3
239,41,5
239,47,1
239,15,3
240,49,3
240,38,3
240,2,3
240,39,1
240,27,3
240,21,4
240,34,5
240,7,4
240,18,2
240,18,4
240,41,3
240,27,3
240,46,3
240,7,5
240,21,2
240,2,4
240,46,5
240,36,1
240,30,2
240,35,2
240,40,1
240,2,4
240,20,4
240,25,2
240,36,1
240,36,5
240,3,1
240,30,3
240,48,5
240,20,2
240,24,4
240,31,1
240,39,4
240,41,3
240,28,3
241,38,5
241,35,4
241,7,5
241,45,3
241,21,4
241,30,2
241,7,3
241,37,2
241,20,5
241,46,4
241,32,1
241,22,3
241,45,1
241,39,5
241,45,3
241,36,2
241,28,5
241,39,3
241,49,1
241,29,3
241,2,1
241,33,2
241,44,5
241,44,1
242,13,5
242,19,2
242,2,5
242,38,4
242,48,5
242,28,4
242,46,1
242,36,2
242,4,1
242,43,3
242,3,5
242,30,2
242,21,2
242,16,3
242,21,3
242,20,3
242,25,4
242,25,4
242,34,4
242,39,5
242,14,5
242,7,2
242,45,5
242,6,1
242,49,4
242,15,3
242,39,1
242,25,2
242,14,3
242,42,4
242,25,4
242,20,4
242,41,5
242,1,3
242,39,5
242,14,4
242,30,5
242,21,2
242,25,4
242,30,1
242,19,5
242,28,4
242,7,5
242,42,5
243,31,3
243,26,2
243,20,5
243,23,1
243,1,3
243,15,4
243,30,4
243,38,4
243,49,5
243,21,1
243,1,5
243,40,1
243,42,1
243,24,1
243,31,2
243,24,1
243,24,5
243,8,5
243,23,5
243,37,1
243,11,2
243,35,1
243,10,3
243,22,4
243,38,1
243,20,4
243,25,3
243,7,4
243,1,1
243,22,5
243,39,4
243,20,5
244,30,3
244,1,5
244,8,1
244,18,2
244,29,3
244,27,3
244,10,5
244,8,3
244,3,5
244,16,4
244,9,1
244,47,4
244,21,2
244,34,1
244,48,2
244,32,3
244,9,4
244,40,1
244,2,4
244,9,4
244,17,5
244,32,1
244,7,3
244,8,4
244,31,5
244,32,3
244,28,4
244,13,4
244,46,2
244,2,1
244,10,2
244,12,3
244,38,3
245,37,1
245,47,2
245,15,5
245,20,2
245,6,3
245,10,1
245,33,1
245,3,1
245,1,1
245,39,5
245,8,5
245,40,5
245,32,2
245,20,4
245,26,2
245,33,3
245,1,1
245,11,2
245,24,4
245,42,3
245,47,5
245,6,1
245,33,3
245,10,3
245,23,5
245,17,2
246,45,3
246,40,1
246,19,5
246,43,1
246,46,5
246,21,2
246,29,2
246,37,3
246,32,3
246,34,3
246,27,2
246,19,5
246,16,5
246,19,3
246,14,1
246,35,4
246,26,4
246,48,4
246,30,2
246,8,2
246,49,3
246,43,5
246,16,3
246,49,1
246,28,3
246,3,3
246,45,4
246,13,1
246,25,5
247,2,3
247,21,2
247,24,3
247,36,5
247,2,3
247,49,2
247,10,5
247,43,3
247,19,2
247,26,3
247,23,4
247,17,3
247,32,4
247,35,4
247,14,5
247,13,3
247,10,1
247,21,4
247,38,4
247,3,1
247,8,5
247,13,1
247,35,2
247,26,5
247,30,2
247,9,5
247,43,3
247,45,5
247,5,5
247,2,1
247,35,5
247,8,5
247,32,1
247,3,1
247,7,5
247,12,3
247,31,3
247,48,1
247,32,1
247,26,1
247,26,5
247,30,5
247,25,1
248,40,5
248,38,5
248,41,4
248,45,3
248,10,5
248,7,2
248,34,5
248,28,4
248,42,5
248,8,5
248,39,1
248,4,1
248,11,2
248,8,2
248,2,5
248,14,5
248,45,4
248,18,1
248,35,2
248,7,3
248,19,3
248,48,1
248,43,5
248,1,4
248,18,5
248,33,2
248,12,5
248,24,5
248,34,2
248,15,4
248,21,3
248,8,4
248,25,4
248,8,4
249,7,1
249,24,1
249,31,1
249,28,5
249,16,5
249,10,1
249,9,5
249,18,3
249,48,1
249,15,2
249,35,4
249,48,3
249,3,3
249,17,1
249,47,1
249,32,1
249,8,4
249,40,3
249,45,1
249,13,1
249,42,4
249,27,1
249,7,3
249,23,1
249,8,2
249,13,1
249,2,3
250,34,2
250,21,4
250,49,4
250,43,2
250,26,3
250,18,5
250,24,3
250,45,1
250,9,1
250,35,5
250,8,5
250,23,2
250,26,5
250,44,2
250,39,5
250,15,4
250,45,4
250,47,5
250,6,2
250,7,1
250,16,2
250,8,2
250,48,5
250,30,4
250,35,1
250,40,4
250,39,5
250,11,5
250,5,4
250,8,1
250,28,4
250,42,3
250,48,3
250,30,3
250,37,4
250,41,4
250,25,5
251,7,2
251,28,1
251,13,1
251,40,4
251,39,4
251,11,2
251,14,3
251,12,1
251,11,5
251,11,4
251,25,5
251,37,5
251,30,3
251,16,1
251,17,5
251,23,3
251,11,4
251,9,4
251,2,5
251,27,3
251,23,3
251,11,2
251,32,3
251,49,1
251,39,2
251,23,1
251,2,1
252,32,3
252,49,1
252,6,1
252,43,3
252,9,1
252,21,3
252,39,5
252,27,1
252,16,5
252,23,4
252,49,3
252,40,2
252,17,5
252,33,3
252,26,5
252,37,5
252,11,5
252,34,4
252,22,2
252,1,2
252,4,4
252,43,2
252,48,4
252,16,4
252,37,2
252,20,3
253,28,5
253,30,2
253,48,3
253,24,3
253,13,4
253,31,3
253,5,2
253,38,4
253,45,2
253,35,4
253,28,3
253,45,3
253,44,1
253,13,1
253,23,3
253,22,4
253,8,5
253,34,2
253,23,1
253,1,2
253,35,1
253,16,1
253,49,5
253,10,5
253,29,4
253,47,1
254,35,3
254,34,1
254,36,3
254,7,4
254,19,3
254,13,2
254,44,4
254,29,1
254,8,2
254,42,3
254,47,5
254,4,4
254,36,4
254,5,4
254,45,1
254,41,2
254,35,4
254,40,5
254,43,5
254,16,2
254,24,4
254,9,4
254,47,3
254,8,1
255,32,3
255,23,1
255,26,1
255,16,1
255,29,2
255,19,2
255,38,4
255,40,5
255,28,3
255,19,5
255,34,4
255,13,3
255,35,1
255,33,5
255,11,1
255,18,5
255,38,3
255,32,2
255,39,3
255,11,5
255,26,5
255,14,2
255,12,4
255,41,4
255,16,2
255,2,4
255,24,1
255,2,2
255,21,4
255,9,3
255,42,4
255,36,2
255,18,4
255,37,3
256,44,3
256,4,1
256,29,3
256,2,5
256,35,4
256,42,3
256,39,4
256,26,5
256,2,2
256,41,2
256,13,1
256,27,5
256,16,4
256,42,1
256,24,1
256,15,5
256,24,5
256,4,2
256,19,3
256,15,5
256,25,4
256,23,4
256,23,5
256,24,4
256,48,5
256,35,2
256,3,3
256,12,1
256,31,3
256,46,1
256,40,3
256,30,2
257,20,1
257,14,5
257,42,1
257,16,1
257,26,2
257,10,4
257,35,2
257,14,2
257,40,5
257,22,3
257,44,3
257,11,4
257,2,4
257,49,1
257,25,2
257,46,3
257,16,4
257,47,4
257,25,4
257,35,4
257,48,3
257,28,4
257,46,2
257,44,1
257,32,2
257,38,2
257,2,5
257,31,4
257,31,4
257,6,5
257,1,2
257,44,3
257,42,2
257,30,3
257,11,1
257,4,5
257,21,1
258,36,2
258,49,5
258,31,3
258,12,1
258,22,5
258,30,4
258,6,4
258,3,3
258,15,2
258,12,4
258,33,2
258,25,5
258,29,1
258,42,5
258,33,1
258,17,4
258,34,2
258,40,3
258,25,2
258,44,2
258,43,2
258,25,3
258,5,5
258,26,1
258,16,5
258,4,1
258,26,2
258,49,5
258,31,4
258,47,5
258,1,4
258,21,5
258,21,2
258,41,3
258,3,1
258,13,1
258,35,5
258,26,5
258,4,1
258,32,3
259,39,4
259,5,2
259,37,3
259,43,4
259,8,3
259,2,3
259,6,1
259,33,4
259,24,1
259,24,1
259,6,4
259,48,4
259,1,4
259,19,1
259,5,2
259,15,5
259,18,2
259,40,4
259,29,5
259,37,4
259,27,2
259,28,3
259,35,4
260,15,5
260,43,4
260,33,4
260,25,4
260,47,5
260,44,4
260,15,2
260,40,3
260,17,4
260,44,3
260,23,4
260,44,5
260,45,2
260,38,1
260,13,4
260,6,4
260,33,2
260,37,1
260,22,3
260,35,3
260,7,4
260,1,5
260,37,3
260,19,4
260,30,2
260,49,2
260,1,1
260,9,5
260,2,1
260,47,2
260,35,5
260,2,4
260,20,5
260,24,1
260,1,2
260,27,3
260,44,3
261,21,3
261,37,5
261,47,4
261,4,3
261,25,3
261,48,1
261,25,2
261,47,4
261,35,2
261,2,3
261,18,4
261,25,4
261,16,3
261,34,1
261,33,3
261,35,2
261,21,1
261,46,3
261,8,1
261,32,4
261,8,2
261,15,4
261,27,3
261,18,3
261,7,5
261,34,4
261,43,5
261,21,3
261,32,1
261,29,1
261,4,1
261,20,3
261,29,3
261,6,3
261,24,2
261,7,2
261,35,1
262,40,1
262,33,1
262,19,2
262,20,2
262,18,1
262,9,5
262,37,5
262,11,5
262,29,3
262,8,3
262,13,1
262,15,4
262,37,2
262,36,4
262,19,5
262,11,5
262,3,5
262,14,3
262,3,2
262,8,4
262,48,3
262,8,3
262,42,1
262,2,1
262,3,5
262,11,5
262,28,4
262,48,1
262,22,3
262,25,1
262,42,4
262,39,1
262,14,5
262,20,3
262,20,4
262,6,5
262,39,2
263,26,5
263,27,5
263,46,2
263,20,5
263,35,1
263,30,3
263,6,1
263,6,2
263,5,4
263,2,5
263,26,1
263,26,4
263,23,1
263,41,1
263,26,5
263,26,4
263,36,5
263,29,3
263,31,5
263,3,3
263,35,1
263,16,5
263,9,1
263,21,2
263,8,2
263,5,4
263,29,5
263,3,2
263,18,1
263,27,1
263,34,3
263,5,5
263,37,5
263,42,3
263,33,3
263,9,3
263,6,5
264,27,4
264,20,1
264,26,4
264,30,3
264,1,3
264,23,4
264,19,1
264,37,3
264,36,5
264,13,5
264,17,2
264,38,1
264,20,2
264,17,1
264,30,4
264,5,4
264,2,4
264,3,1
264,31,5
264,5,2
264,35,5
264,47,4
264,3,5
264,49,1
264,8,1
264,19,3
264,17,5
264,26,2
264,8,1
264,26,3
264,20,2
264,17,4
264,22,3
265,4,5
265,12,3
265,37,1
265,20,1
265,48,3
265,48,4
265,13,3
265,40,3
265,30,2
265,49,3
265,22,3
265,10,2
265,41,1
265,21,1
265,9,3
265,26,4
265,2,5
265,23,1
265,7,3
265,23,4
265,48,5
265,39,3
265,47,2
265,9,3
265,23,2
265,29,1
265,19,3
265,43,5
265,28,2
265,5,1
265,46,4
265,48,3
265,26,4
265,29,1
266,20,2
266,11,1
266,41,4
266,24,4
266,6,1
266,43,5
266,37,4
266,36,2
266,34,4
266,12,2
266,28,5
266,9,3
266,19,1
266,44,2
266,27,4
266,40,4
266,5,5
266,36,5
266,11,1
266,48,4
266,6,4
266,43,4
266,25,4
266,22,1
266,12,3
266,24,2
266,41,4
266,17,2
267,38,2
267,16,2
267,41,2
267,16,2
267,6,4
267,3,2
267,1,3
267,31,2
267,6,2
267,14,5
267,27,2
267,5,3
267,37,3
267,24,3
267,31,1
267,22,1
267,32,4
267,10,2
267,6,2
267,12,1
267,39,1
267,44,5
267,38,5
267,27,1
267,30,4
267,5,3
267,6,2
267,16,2
267,32,5
267,11,1
267,24,4
267,20,2
267,42,4
267,22,1
267,8,3
267,43,1
267,40,5
267,47,5
267,28,4
267,30,5
267,49,4
267,16,4
267,21,5
267,37,4
267,7,5
267,18,2
267,3,4
267,5,1
267,46,5
267,13,1
267,18,1
267,42,3
267,11,5
268,1,4
268,18,3
268,46,4
268,32,5
268,24,2
268,27,5
268,13,1
268,10,2
268,7,4
268,1,2
268,10,4
268,32,1
268,39,2
268,4,5
268,1,2
268,41,1
268,25,2
268,33,4
268,6,4
268,32,2
268,36,4
268,18,2
268,37,4
268,23,1
268,27,3
268,18,2
268,48,5
268,21,3
268,2,5
268,35,2
268,36,4
268,19,5
269,29,2
269,29,1
269,5,1
269,26,4
269,28,5
269,35,5
269,1,3
269,40,4
269,48,1
269,49,3
269,39,1
269,39,3
269,16,1
269,36,3
269,11,1
269,18,2
269,13,5
269,19,2
269,7,1
269,23,2
269,12,3
269,8,1
269,14,1
269,19,5
269,5,1
269,23,4
269,24,4
269,31,3
269,36,5
269,46,1
270,40,3
270,9,1
270,47,4
270,9,5
270,2,5
270,29,5
270,7,2
270,28,4
270,49,4
270,32,3
270,6,1
270,38,4
270,18,1
270,8,5
270,48,4
270,37,1
270,1,5
270,23,1
270,6,3
270,12,4
270,21,1
270,48,1
270,24,3
270,26,1
270,23,3
270,1,2
270,19,3
270,27,1
271,28,2
271,33,4
271,3,2
271,8,4
271,17,2
271,45,5
271,25,4
271,2,3
271,6,5
271,39,3
271,22,4
271,35,1
271,16,5
271,8,3
271,11,1
271,12,4
271,1,1
271,27,5
271,31,1
271,10,4
271,38,2
271,33,4
271,41,5
271,36,1
271,6,2
271,37,5
271,14,3
272,23,1
272,10,2
272,12,2
272,28,1
272,1,5
272,12,3
272,37,3
272,2,1
272,16,1
272,45,4
272,6,4
272,27,3
272,8,4
272,15,3
272,19,5
272,9,4
272,4,2
272,11,5
272,11,2
272,27,4
272,12,1
272,7,2
272,7,2
272,33,4
272,12,5
272,24,4
272,1,5
272,14,3
272,25,1
272,28,5
272,34,3
272,15,5
272,14,3
272,12,3
273,48,5
273,22,2
273,12,5
273,28,4
273,20,4
273,49,4
273,25,5
273,23,3
273,34,2
273,29,4
273,19,1
273,3,3
273,31,4
273,1,5
273,12,2
273,9,3
273,14,5
273,47,2
273,35,4
273,35,4
273,25,3
273,46,5
273,15,4
273,49,2
273,4,1
273,3,4
273,26,2
273,15,4
273,32,2
273,47,3
273,3,2
273,27,2
273,8,3
273,13,1
273,41,1
274,15,3
274,46,5
274,33,4
274,44,2
274,5,2
274,14,3
274,6,4
274,6,4
274,23,5
274,43,4
274,48,3
274,47,5
274,43,2
274,1,4
274,42,3
274,26,3
274,36,3
274,14,1
274,5,1
274,13,3
274,30,5
274,5,4
274,1,3
274,11,1
274,27,3
274,6,1
274,4,4
274,45,5
274,49,4
274,38,5
274,26,3
274,17,3
274,1,4
274,42,5
274,32,4
274,2,2
274,8,3
274,11,4
274,34,4
274,33,2
275,13,3
275,16,2
275,45,2
275,45,1
275,46,2
275,25,3
275,11,2
275,21,4
275,27,3
275,43,1
275,9,1
275,6,1
275,14,1
275,49,1
275,42,1
275,29,4
275,10,5
275,27,2
275,33,5
275,43,1
275,46,1
275,15,3
275,1,1
276,4,2
276,28,1
276,36,2
276,20,1
276,18,5
276,4,1
276,48,5
276,4,1
276,47,3
276,4,2
276,3,4
276,29,5
276,31,5
276,49,1
276,36,4
276,30,4
276,28,2
276,37,4
276,38,4
276,6,2
276,9,1
276,4,2
276,36,2
276,44,5
276,12,1
276,46,1
276,47,2
276,11,3
276,13,2
276,24,3
276,15,1
276,23,5
276,15,3
276,10,1
276,28,2
276,2,2
276,17,4
276,40,2
276,27,1
276,31,4
276,10,1
276,37,4
276,11,2
276,31,3
276,26,1
276,42,2
276,26,5
276,48,1
276,42,1
276,48,3
277,10,4
277,6,4
277,17,2
277,1,5
277,7,2
277,39,2
277,33,4
277,3,4
277,44,3
277,15,5
277,10,1
277,33,4
277,31,1
277,30,2
277,48,2
277,20,4
277,33,3
277,25,5
277,40,3
277,28,1
277,39,3
277,20,4
277,23,2
277,14,1
277,18,5
277,9,3
277,41,4
277,46,2
277,42,5
277,6,5
277,1,1
277,42,5
277,46,1
277,44,2
277,2,1
277,8,4
278,10,2
278,26,1
278,37,1
278,29,1
278,21,2
278,43,3
278,41,1
278,22,5
278,33,3
278,23,1
278,33,5
278,18,4
278,47,5
278,15,2
278,32,1
278,14,1
278,33,2
278,20,4
278,10,2
278,39,4
278,43,1
278,36,2
278,22,4
278,42,3
278,43,3
278,7,1
278,34,2
278,3,2
278,5,5
278,34,2
279,11,1
279,4,3
279,39,1
279,48,4
279,27,1
279,26,2
279,40,2
279,12,3
279,7,5
279,3,4
279,14,5
279,28,1
279,32,3
279,26,2
279,5,3
279,21,4
279,11,2
279,20,3
279,17,5
279,7,2
279,5,1
279,24,3
279,13,5
279,14,4
279,38,5
279,44,2
280,49,3
280,47,4
280,7,4
280,15,4
280,19,2
280,21,1
280,1,1
280,9,1
280,17,4
280,28,2
280,20,4
280,22,2
280,28,2
280,16,5
280,2,2
280,16,5
280,3,5
280,32,3
280,16,1
280,9,2
280,13,1
280,24,5
280,44,3
280,35,1
280,46,5
280,24,4
280,30,4
280,42,4
280,20,1
280,34,3
280,41,3
281,47,2
281,5,1
281,35,2
281,35,4
281,31,4
281,20,1
281,47,5
281,34,3
281,24,1
281,30,2
281,4,5
281,40,1
281,7,2
281,20,3
281,25,2
281,22,1
281,20,4
281,19,5
281,12,5
281,31,3
281,18,4
281,18,5
281,42,1
281,32,4
281,39,4
281,48,3
281,11,2
281,46,2
281,2,2
281,31,1
281,5,5
281,20,2
281,48,3
282,47,4
282,35,1
282,35,2
282,15,4
282,4,3
282,8,4
282,34,5
282,16,3
282,46,5
282,1,3
282,7,1
282,28,3
282,18,3
282,49,1
282,22,2
282,15,4
282,41,4
282,3,2
282,21,3
282,10,4
282,46,4
282,11,2
282,19,2
282,22,3
282,18,1
282,34,2
282,30,1
282,40,5
282,18,2
282,33,2
282,6,5
282,13,2
282,33,5
282,32,5
282,12,3
282,38,2
283,6,1
283,29,1
283,17,2
283,35,2
283,34,1
283,25,2
283,23,3
283,9,4
283,40,4
283,33,4
283,10,3
283,44,5
283,40,5
283,18,1
283,22,3
283,6,5
283,33,4
283,17,2
283,1,3
283,2,1
283,27,5
283,47,5
283,30,2
283,23,1
283,14,2
283,24,1
283,43,5
283,37,2
283,33,1
283,48,1
283,16,5
283,4,2
283,1,5
283,17,3
283,21,5
283,15,3
283,39,1
283,36,5
283,5,3
283,36,4
284,26,1
284,42,2
284,7,1
284,16,1
284,32,4
284,44,3
284,2,2
284,2,2
284,31,4
284,5,3
284,25,5
284,13,5
284,49,1
284,8,2
284,36,4
284,18,5
284,13,2
284,42,1
284,33,5
284,47,2
284,48,3
284,27,2
284,28,3
284,32,5
284,48,2
284,38,1
284,4,5
285,9,1
285,23,2
285,24,2
285,35,5
285,2,4
285,2,4
285,28,2
285,49,3
285,18,5
285,19,5
285,39,4
285,16,5
285,40,4
285,20,4
285,2,4
285,33,5
285,17,4
285,19,4
285,43,3
285,36,5
285,41,3
285,25,1
285,3,2
285,29,1
285,3,5
285,3,1
285,40,2
285,37,1
285,46,4
285,49,3
285,20,3
285,37,1
285,32,4
285,41,5
286,40,1
286,2,3
286,31,3
286,27,3
286,4,1
286,15,2
286,1,5
286,45,2
286,6,5
286,46,4
286,12,3
286,13,5
286,35,1
286,4,1
286,19,4
286,27,4
286,15,5
286,30,4
286,41,5
286,10,4
286,25,4
286,25,1
286,23,4
286,37,2
286,10,5
286,46,1
286,21,2
286,2,2
286,21,5
286,32,1
286,38,1
286,11,1
286,15,5
286,14,3
286,6,2
286,46,4
287,5,5
287,13,5
287,10,1
287,20,2
287,33,3
287,27,2
287,15,4
287,20,5
287,44,1
287,28,1
287,35,1
287,43,3
287,40,5
287,32,4
287,22,3
287,18,2
287,48,5
287,19,3
287,39,4
287,22,2
287,30,3
287,41,2
287,22,5
287,28,5
287,34,3
287,45,3
287,25,1
287,18,1
287,14,4
287,49,1
287,6,5
287,6,5
287,32,2
287,41,1
287,42,3
287,5,1
287,30,4
288,17,4
288,24,1
288,38,5
288,40,3
288,14,3
288,16,3
288,48,1
288,20,1
288,43,1
288,14,4
288,22,1
288,28,1
288,21,3
288,7,2
288,44,5
288,18,4
288,36,4
288,13,5
288,45,4
288,45,3
288,45,1
288,2,5
288,7,3
288,25,3
288,8,5
288,20,5
288,7,3
288,40,5
288,34,1
288,9,2
288,19,2
288,38,5
288,36,2
288,33,4
288,18,5
288,5,4
288,24,1
288,28,1
289,2,2
289,12,5
289,15,3
289,48,3
289,19,5
289,11,3
289,22,2
289,20,5
289,14,1
289,23,1
289,32,2
289,19,4
289,41,2
289,33,3
289,4,4
289,40,3
289,19,4
289,12,3
289,4,2
289,15,2
289,16,5
289,47,2
289,2,4
289,47,5
289,38,1
289,27,4
289,35,4
289,13,3
289,45,1
289,45,2
289,1,2
289,18,1
289,27,4
289,28,2
289,38,4
289,49,2
289,9,1
289,3,5
289,4,1
289,43,2
289,4,1
289,14,5
289,14,5
290,36,3
290,24,3
290,23,2
290,29,3
290,9,4
290,49,5
290,44,2
290,15,4
290,10,3
290,25,2
290,49,1
290,49,1
290,1,4
290,18,2
290,46,2
290,38,4
290,32,3
290,35,2
290,9,4
290,12,1
290,12,4
290,31,4
290,37,3
290,15,4
290,45,1
290,36,5
290,29,5
290,20,3
290,1,1
290,10,5
290,39,2
291,21,5
291,19,4
291,24,2
291,49,1
291,10,2
291,21,5
291,32,3
291,12,3
291,43,2
291,34,1
291,5,3
291,8,4
291,40,1
291,29,1
291,26,3
291,32,4
291,10,4
291,23,3
291,46,4
291,16,3
291,45,3
291,32,1
291,6,2
291,19,4
291,27,3
291,33,4
291,29,4
291,30,4
292,39,5
292,49,5
292,6,2
292,25,5
292,1,1
292,2,4
292,14,4
292,47,2
292,16,3
292,46,1
292,46,3
292,27,2
292,40,4
292,7,1
292,11,5
292,48,4
292,47,1
292,15,5
292,34,2
292,37,1
292,9,4
292,5,2
292,4,2
292,21,1
292,41,5
292,44,3
292,28,2
292,18,4
292,31,5
292,34,2
292,8,5
292,41,1
292,38,5
292,22,1
293,46,1
293,33,2
293,36,2
293,32,1
293,13,4
293,46,4
293,2,4
293,7,5
293,14,4
293,11,2
293,13,3
293,23,5
293,7,4
293,43,2
293,48,4
293,30,2
293,21,4
293,15,4
293,12,5
293,2,1
293,38,2
293,40,2
293,20,2
293,5,4
293,44,3
294,15,1
294,45,4
294,17,4
294,20,5
294,33,4
294,1,4
294,14,4
294,4,3
294,14,2
294,10,4
294,44,1
294,21,3
294,43,4
294,23,1
294,18,1
294,5,4
294,31,1
294,7,4
294,2,2
294,7,1
294,5,2
294,43,5
294,43,5
294,14,4
294,14,5
294,43,2
294,9,5
294,46,1
294,12,3
294,5,4
294,20,4
294,8,4
294,31,4
294,39,2
294,43,1
294,1,3
294,33,4
294,17,3
294,5,2
294,12,3
294,25,4
294,31,2
295,25,3
295,11,1
295,10,2
295,40,2
295,46,5
295,8,4
295,10,1
295,25,1
295,33,2
295,27,2
295,3,1
295,13,4
295,25,5
295,16,1
295,7,3
295,10,3
295,37,5
295,17,2
295,21,3
295,26,1
295,29,4
295,20,1
295,15,2
295,17,5
295,6,3
295,49,5
295,43,1
295,14,1
295,23,1
295,10,5
295,28,3
295,22,5
296,38,4
296,47,1
296,46,3
296,15,2
296,12,5
296,40,4
296,48,4
296,15,3
296,37,2
296,18,2
296,35,2
296,37,4
296,27,4
296,3,2
296,39,1
296,10,2
296,49,2
296,40,2
296,31,4
296,33,2
296,20,2
296,35,2
296,5,4
296,26,2
296,3,2
296,43,3
296,42,4
296,27,4
296,43,4
296,19,2
296,5,3
296,32,3
296,5,5
296,19,5
296,19,3
296,25,2
297,31,2
297,21,4
297,27,4
297,1,4
297,41,5
297,17,1
297,44,2
297,49,5
297,27,4
297,36,4
297,33,3
297,25,3
297,13,1
297,43,4
297,23,5
297,31,2
297,35,3
297,1,3
297,4,4
297,45,4
297,33,3
297,46,4
297,18,5
297,8,4
297,35,3
297,19,5
297,10,1
297,21,2
297,27,1
297,15,2
297,44,4
297,32,1
297,13,5
297,45,1
297,47,5
297,35,2
298,28,4
298,48,5
298,17,3
298,32,5
298,16,4
298,1,1
298,37,5
298,14,5
298,18,1
298,35,5
298,37,3
298,19,4
298,4,4
298,4,2
298,45,4
298,43,3
298,44,5
298,21,5
298,22,1
298,14,5
298,5,4
298,3,4
298,8,4
298,19,1
298,30,5
298,47,2
298,22,2
298,1,4
298,7,5
298,42,4
299,30,2
299,49,5
299,3,4
299,30,2
299,47,2
299,36,3
299,6,1
299,28,5
299,2,3
299,48,3
299,37,3
299,13,3
299,31,1
299,44,2
299,20,3
299,2,4
299,19,1
299,49,5
299,24,1
299,31,5
299,11,2
299,3,4
299,8,1
299,41,4
299,33,5
299,11,1
299,4,4
299,44,3
299,5,2
299,12,1
299,4,2
299,2,3
299,19,1
299,35,1
299,40,2
299,34,3
299,8,2
299,46,5
299,16,3
300,46,2
300,3,3
300,20,4
300,5,4
300,14,3
300,28,5
300,26,4
300,33,5
300,7,2
300,37,1
300,37,3
300,2,1
300,5,1
300,40,5
300,28,4
300,43,4
300,8,4
300,23,1
300,20,4
300,25,5
300,20,5
300,25,2
300,44,4
300,1,3
300,23,4
300,6,2
